Order_ID,Distance_km,Weather,Traffic_Level,Time_of_Day,Vehicle_Type,Preparation_Time_min,Courier_Experience_yrs,delivery_time,distance,order_value,order_id,time_segment,distance_km,time_of_day
522,7.93,Windy,Low,Afternoon,Scooter,12,1.0,43,6.0,22045.5,ORD10000,Slow (35-45min),6.0,Lunch
741,9.52,Foggy,Low,Night,Scooter,28,1.0,59,13.7,24394.5,ORD10002,Very Slow (>45min),13.7,Late Night
661,7.44,Rainy,Medium,Afternoon,Scooter,5,1.0,37,8.2,27373.0,ORD10003,Slow (35-45min),8.2,Dinner
412,19.03,Clear,Low,Morning,Bike,16,5.0,68,4.3,26686.5,ORD10004,Very Slow (>45min),4.3,Dinner
679,19.4,Clear,Low,Evening,Scooter,8,9.0,57,3.8,34628.0,ORD10005,Very Slow (>45min),3.8,Lunch
627,9.52,Clear,Low,,Bike,12,1.0,49,1.9,30607.0,ORD10006,Very Slow (>45min),1.9,Lunch
514,17.39,Clear,Medium,Evening,Scooter,5,6.0,46,13.3,25377.5,ORD10007,Very Slow (>45min),13.3,Morning
860,1.78,Snowy,Low,Evening,Car,20,6.0,35,8.0,19476.0,ORD10008,Normal (25-35min),8.0,Dinner
137,10.62,Foggy,Low,Evening,Scooter,29,1.0,73,15.7,8791.5,ORD10009,Very Slow (>45min),15.7,Dinner
812,16.86,Snowy,Medium,Afternoon,Car,13,4.0,88,2.1,25005.0,ORD10010,Very Slow (>45min),2.1,Dinner
637,10.89,Clear,High,Night,Bike,12,5.0,53,14.2,23105.0,ORD10012,Very Slow (>45min),14.2,Morning
974,4.69,Rainy,Medium,Evening,Scooter,12,7.0,36,3.4,10653.5,ORD10013,Slow (35-45min),3.4,Late Night
939,2.8,Clear,High,Morning,Scooter,10,,33,2.9,11748.5,ORD10014,Normal (25-35min),2.9,Dinner
900,2.17,Snowy,Low,Evening,Car,15,3.0,35,3.0,34153.0,ORD10015,Normal (25-35min),3.0,Lunch
281,17.86,Rainy,Low,Afternoon,Bike,5,1.0,50,5.7,19776.5,ORD10016,Very Slow (>45min),5.7,Lunch
884,2.53,Snowy,Low,Morning,Bike,6,8.0,24,5.6,28361.0,ORD10017,Fast (<25min),5.6,Lunch
762,6.58,Foggy,Low,Evening,Car,6,7.0,27,5.1,20459.0,ORD10018,Normal (25-35min),5.1,Lunch
320,5.38,Clear,Medium,Evening,Scooter,26,1.0,47,5.2,20474.0,ORD10019,Very Slow (>45min),5.2,Dinner
550,15.56,Rainy,Low,Afternoon,Scooter,28,0.0,72,13.6,32246.499999999996,ORD10020,Very Slow (>45min),13.6,Evening
175,13.08,Rainy,Low,Morning,Car,16,4.0,58,3.6,15584.0,ORD10021,Very Slow (>45min),3.6,Lunch
372,0.86,Clear,High,Afternoon,Bike,26,5.0,37,4.5,21164.5,ORD10022,Slow (35-45min),4.5,Dinner
528,5.83,Clear,High,Evening,Car,27,9.0,56,7.2,16008.5,ORD10023,Very Slow (>45min),7.2,Lunch
211,11.2,Clear,Medium,Morning,Bike,23,,73,10.6,16232.499999999998,ORD10024,Very Slow (>45min),10.6,Lunch
236,14.59,Clear,Medium,Morning,Bike,15,6.0,64,15.5,17282.5,ORD10025,Very Slow (>45min),15.5,Lunch
102,12.91,Windy,Medium,Evening,Bike,11,6.0,56,4.4,22541.0,ORD10026,Very Slow (>45min),4.4,Evening
987,13.92,Snowy,Low,Morning,Scooter,18,4.0,70,11.4,15877.5,ORD10027,Very Slow (>45min),11.4,Dinner
903,4.04,Snowy,Low,Night,Bike,11,9.0,70,12.9,37794.0,ORD10028,Very Slow (>45min),12.9,Lunch
347,12.88,Clear,Medium,Morning,Scooter,8,5.0,52,10.5,18372.0,ORD10030,Very Slow (>45min),10.5,Dinner
140,19.45,Rainy,High,Morning,Scooter,20,6.0,108,6.7,16190.0,ORD10031,Very Slow (>45min),6.7,Dinner
622,4.58,Clear,High,Morning,Scooter,22,9.0,45,1.9,41585.5,ORD10032,Slow (35-45min),1.9,Morning
371,2.47,Windy,Medium,Morning,Bike,27,2.0,44,14.3,33791.0,ORD10034,Slow (35-45min),14.3,Dinner
199,17.8,Snowy,Medium,Morning,Bike,16,9.0,73,17.7,9597.5,ORD10035,Very Slow (>45min),17.7,Lunch
688,5.96,Clear,Medium,Afternoon,Bike,22,7.0,45,5.3,23053.0,ORD10036,Slow (35-45min),5.3,Morning
585,12.85,Windy,Medium,Afternoon,Scooter,18,7.0,61,3.0,31471.499999999996,ORD10037,Very Slow (>45min),3.0,Late Night
902,1.02,Clear,Medium,Afternoon,Bike,25,4.0,34,8.8,21018.5,ORD10038,Normal (25-35min),8.8,Late Night
60,6.84,Rainy,Medium,Night,Car,14,8.0,47,7.4,34364.0,ORD10039,Very Slow (>45min),7.4,Dinner
329,8.68,Rainy,Medium,Morning,Bike,8,5.0,52,3.0,15574.5,ORD10040,Very Slow (>45min),3.0,Lunch
97,10.69,Clear,Medium,Night,Bike,25,9.0,67,10.6,40810.5,ORD10041,Very Slow (>45min),10.6,Morning
313,0.99,,Medium,Evening,Bike,15,,32,1.2,63670.00000000001,ORD10042,Normal (25-35min),1.2,Dinner
975,1.11,Clear,Low,Morning,Bike,5,6.0,8,5.8,16824.5,ORD10043,Fast (<25min),5.8,Evening
300,2.16,Snowy,Low,Evening,Scooter,15,0.0,36,4.0,16143.5,ORD10044,Slow (35-45min),4.0,Lunch
278,13.17,Windy,Medium,Afternoon,Bike,16,4.0,67,13.8,41719.0,ORD10045,Very Slow (>45min),13.8,Evening
925,8.79,Snowy,Low,Night,Bike,14,6.0,43,5.2,44436.0,ORD10046,Slow (35-45min),5.2,Morning
602,5.93,Clear,Low,Afternoon,Scooter,19,3.0,36,7.1,15531.0,ORD10047,Slow (35-45min),7.1,Late Night
440,2.09,Rainy,Low,Night,Bike,23,2.0,36,7.4,16349.0,ORD10048,Slow (35-45min),7.4,Lunch
838,7.57,Clear,Low,Morning,Bike,21,0.0,56,4.2,17520.5,ORD10049,Very Slow (>45min),4.2,Dinner
571,10.52,Rainy,Medium,Afternoon,Scooter,8,4.0,56,17.1,10299.0,ORD10050,Very Slow (>45min),17.1,Lunch
880,4.83,Rainy,Low,Morning,Car,25,9.0,47,12.2,12742.5,ORD10051,Very Slow (>45min),12.2,Dinner
579,10.1,Rainy,Low,Evening,Car,8,4.0,50,14.6,13741.0,ORD10053,Very Slow (>45min),14.6,Dinner
24,7.64,Windy,Low,Afternoon,Car,10,8.0,31,7.3,19824.5,ORD10054,Normal (25-35min),7.3,Lunch
31,12.35,Clear,Low,Morning,Scooter,10,6.0,35,11.7,22677.5,ORD10055,Normal (25-35min),11.7,Late Night
618,5.9,Rainy,Low,Evening,Car,26,9.0,44,2.2,43795.0,ORD10056,Slow (35-45min),2.2,Dinner
11,0.9,Clear,Low,Afternoon,Bike,20,8.0,23,2.5,12244.5,ORD10057,Fast (<25min),2.5,Late Night
222,11.58,Clear,Medium,Morning,Scooter,16,2.0,61,2.0,32997.5,ORD10058,Very Slow (>45min),2.0,Dinner
821,16.16,Clear,High,Afternoon,Bike,11,1.0,82,8.8,18124.5,ORD10059,Very Slow (>45min),8.8,Dinner
297,15.51,Clear,Low,Evening,Bike,17,9.0,69,8.8,19678.5,ORD10060,Very Slow (>45min),8.8,Late Night
55,12.16,Windy,High,Evening,Scooter,11,0.0,69,6.6,28266.500000000004,ORD10061,Very Slow (>45min),6.6,Morning
543,4.96,Rainy,High,Morning,Bike,21,0.0,60,15.5,11506.5,ORD10062,Very Slow (>45min),15.5,Lunch
210,3.64,Windy,High,Evening,Bike,17,6.0,40,5.5,24421.5,ORD10063,Slow (35-45min),5.5,Morning
605,2.85,Clear,Low,Morning,Scooter,26,0.0,38,4.4,21922.0,ORD10064,Slow (35-45min),4.4,Lunch
693,10.4,Clear,Low,Evening,Bike,16,4.0,52,9.5,25802.999999999996,ORD10065,Very Slow (>45min),9.5,Lunch
663,12.31,Windy,Low,Morning,Bike,29,4.0,68,4.0,23309.5,ORD10066,Very Slow (>45min),4.0,Lunch
867,3.53,Clear,Medium,Afternoon,Bike,13,7.0,31,9.6,68849.0,ORD10067,Normal (25-35min),9.6,Dinner
71,15.56,Clear,Medium,Evening,Bike,14,3.0,54,2.3,14663.999999999998,ORD10068,Very Slow (>45min),2.3,Lunch
108,15.23,Snowy,High,Morning,Bike,5,0.0,62,14.9,14771.5,ORD10070,Very Slow (>45min),14.9,Lunch
494,4.17,,Low,Evening,Scooter,5,1.0,22,2.4,15280.000000000002,ORD10071,Fast (<25min),2.4,Dinner
591,3.21,Rainy,High,Night,Scooter,16,0.0,42,1.0,14666.5,ORD10072,Slow (35-45min),1.0,Lunch
293,16.54,Rainy,Low,Afternoon,Scooter,6,7.0,51,11.9,41039.0,ORD10074,Very Slow (>45min),11.9,Dinner
290,12.02,Clear,Low,Morning,Car,9,7.0,41,10.5,15163.5,ORD10075,Slow (35-45min),10.5,Morning
653,11.94,Clear,Low,Evening,Bike,20,3.0,69,16.2,13304.499999999998,ORD10076,Very Slow (>45min),16.2,Late Night
40,9.08,Clear,Low,Afternoon,Scooter,14,5.0,49,2.2,25533.0,ORD10077,Very Slow (>45min),2.2,Dinner
590,3.46,Snowy,Medium,Morning,Scooter,23,3.0,48,6.3,15304.499999999998,ORD10078,Very Slow (>45min),6.3,Lunch
308,6.8,Foggy,Medium,Morning,Scooter,13,7.0,46,2.7,27680.5,ORD10079,Very Slow (>45min),2.7,Morning
67,3.25,Clear,Low,Morning,Bike,23,7.0,32,7.8,9453.5,ORD10081,Normal (25-35min),7.8,Dinner
276,10.28,Clear,Medium,Evening,Scooter,29,3.0,71,7.9,43729.5,ORD10082,Very Slow (>45min),7.9,Dinner
68,16.14,Clear,Low,Night,Car,6,9.0,65,2.5,49511.5,ORD10083,Very Slow (>45min),2.5,Dinner
319,3.55,Clear,Medium,Evening,Bike,23,0.0,43,5.2,14847.999999999998,ORD10084,Slow (35-45min),5.2,Dinner
549,10.65,Clear,,Afternoon,Scooter,23,8.0,58,6.7,16617.0,ORD10085,Very Slow (>45min),6.7,Morning
999,19.03,Clear,Low,Afternoon,Car,26,5.0,68,15.2,23271.0,ORD10086,Very Slow (>45min),15.2,Lunch
715,7.3,Clear,Low,Night,Scooter,14,7.0,28,7.3,23843.0,ORD10087,Normal (25-35min),7.3,Lunch
754,7.03,Clear,Low,Evening,Scooter,21,1.0,44,13.2,28037.5,ORD10088,Slow (35-45min),13.2,Dinner
328,12.43,Snowy,Low,Afternoon,Car,12,0.0,70,10.6,55112.0,ORD10089,Very Slow (>45min),10.6,Dinner
383,12.76,Windy,High,Morning,Scooter,27,,74,3.9,18463.5,ORD10090,Very Slow (>45min),3.9,Lunch
452,11.39,Rainy,High,Evening,Scooter,14,1.0,72,15.6,13533.000000000002,ORD10091,Very Slow (>45min),15.6,Morning
523,19.41,Clear,Low,Morning,Car,7,3.0,48,12.2,10121.0,ORD10092,Very Slow (>45min),12.2,Lunch
219,13.17,Rainy,High,Evening,Scooter,17,8.0,69,12.2,13996.5,ORD10093,Very Slow (>45min),12.2,Lunch
788,8.32,Rainy,Low,Afternoon,Car,12,2.0,49,12.5,19840.0,ORD10094,Very Slow (>45min),12.5,Dinner
437,1.92,Clear,Low,,Bike,8,7.0,14,4.1,49479.0,ORD10095,Fast (<25min),4.1,Dinner
765,1.15,Clear,Low,Afternoon,Scooter,26,4.0,30,6.4,15572.0,ORD10096,Normal (25-35min),6.4,Dinner
89,17.8,Windy,High,Afternoon,Car,12,9.0,73,10.0,22559.5,ORD10097,Very Slow (>45min),10.0,Evening
64,7.46,Clear,Medium,Evening,Bike,8,5.0,42,1.3,20006.5,ORD10098,Slow (35-45min),1.3,Lunch
827,7.25,Clear,Medium,Afternoon,Scooter,18,4.0,45,2.5,36542.0,ORD10099,Slow (35-45min),2.5,Dinner
717,16.7,Clear,Medium,Afternoon,Scooter,28,1.0,76,2.1,71359.5,ORD10100,Very Slow (>45min),2.1,Dinner
352,17.2,Rainy,High,Afternoon,Scooter,14,2.0,94,17.5,15469.0,ORD10101,Very Slow (>45min),17.5,Dinner
937,0.86,Clear,Medium,Afternoon,Car,21,7.0,28,4.0,15792.500000000002,ORD10102,Normal (25-35min),4.0,Dinner
257,18.76,Clear,Medium,Evening,Car,15,2.0,80,12.5,33999.5,ORD10103,Very Slow (>45min),12.5,Evening
636,9.22,Clear,Medium,Afternoon,Car,18,9.0,57,16.3,28366.500000000004,ORD10104,Very Slow (>45min),16.3,Dinner
645,2.84,Clear,Low,Evening,Scooter,24,2.0,35,3.8,50786.0,ORD10105,Normal (25-35min),3.8,Evening
555,17.59,Clear,Low,Morning,Bike,24,6.0,69,9.3,27010.5,ORD10106,Very Slow (>45min),9.3,Morning
960,14.89,Snowy,High,Morning,Scooter,17,6.0,87,19.1,16854.5,ORD10107,Very Slow (>45min),19.1,Lunch
169,1.3,Clear,Medium,Evening,Bike,22,4.0,31,3.3,27101.5,ORD10108,Normal (25-35min),3.3,Morning
918,18.99,Rainy,High,Afternoon,Bike,10,6.0,70,2.9,35114.5,ORD10109,Very Slow (>45min),2.9,Dinner
529,1.6,Foggy,Low,Night,Scooter,24,,37,4.4,30402.0,ORD10110,Slow (35-45min),4.4,Lunch
824,8.26,Snowy,Low,Afternoon,Bike,15,1.0,57,3.9,25995.0,ORD10111,Very Slow (>45min),3.9,Dinner
986,10.16,Clear,High,Night,Bike,12,5.0,52,15.5,34384.5,ORD10112,Very Slow (>45min),15.5,Late Night
817,12.03,Clear,Medium,,Car,20,5.0,65,16.1,36195.0,ORD10113,Very Slow (>45min),16.1,Lunch
87,14.73,Rainy,Low,Afternoon,Bike,24,6.0,74,14.3,40259.5,ORD10114,Very Slow (>45min),14.3,Evening
433,12.56,Clear,High,Evening,Bike,17,5.0,69,18.1,27900.0,ORD10115,Very Slow (>45min),18.1,Dinner
185,5.53,Clear,Medium,Afternoon,Bike,19,1.0,44,12.1,18554.5,ORD10116,Slow (35-45min),12.1,Lunch
979,10.18,Foggy,Medium,Morning,Bike,25,3.0,73,5.2,21707.0,ORD10117,Very Slow (>45min),5.2,Morning
295,2.98,Foggy,,Night,Bike,11,2.0,27,6.2,13407.499999999998,ORD10119,Normal (25-35min),6.2,Lunch
893,16.69,Foggy,Medium,Evening,Scooter,8,2.0,65,16.1,24254.5,ORD10120,Very Slow (>45min),16.1,Lunch
714,8.53,Clear,Low,Evening,Scooter,8,2.0,41,5.1,20463.5,ORD10122,Slow (35-45min),5.1,Late Night
261,12.49,Clear,Medium,Morning,Bike,25,4.0,77,3.8,38225.0,ORD10123,Very Slow (>45min),3.8,Dinner
238,0.97,Clear,Low,Night,Scooter,24,8.0,26,3.0,22194.0,ORD10124,Normal (25-35min),3.0,Dinner
560,12.6,Windy,Medium,Afternoon,Car,8,6.0,58,8.4,20645.5,ORD10125,Very Slow (>45min),8.4,Dinner
584,6.91,Clear,Medium,Evening,Scooter,28,9.0,56,14.6,10220.0,ORD10126,Very Slow (>45min),14.6,Dinner
868,4.05,Clear,Medium,Evening,Bike,20,,44,1.1,27855.0,ORD10128,Slow (35-45min),1.1,Lunch
801,14.29,Windy,Medium,Morning,Bike,14,7.0,78,12.3,59495.00000000001,ORD10129,Very Slow (>45min),12.3,Dinner
600,1.3,Foggy,Low,Evening,Bike,19,5.0,29,5.1,17294.5,ORD10130,Normal (25-35min),5.1,Dinner
850,12.11,Rainy,Low,Morning,Bike,9,5.0,59,5.0,22507.5,ORD10131,Very Slow (>45min),5.0,Dinner
266,14.94,Clear,Medium,Morning,Bike,11,0.0,62,3.4,22850.0,ORD10132,Very Slow (>45min),3.4,Dinner
996,2.29,Rainy,High,Afternoon,Car,8,8.0,80,8.8,44389.0,ORD10133,Very Slow (>45min),8.8,Lunch
56,18.48,Clear,Medium,Night,Bike,8,0.0,82,8.7,23191.5,ORD10135,Very Slow (>45min),8.7,Lunch
121,16.25,Foggy,High,Morning,Bike,10,5.0,91,14.2,27336.5,ORD10136,Very Slow (>45min),14.2,Lunch
216,5.13,Clear,Low,Morning,Car,15,4.0,30,8.3,22144.0,ORD10137,Normal (25-35min),8.3,Evening
26,15.81,Clear,Low,,Car,25,1.0,92,10.5,16136.000000000002,ORD10138,Very Slow (>45min),10.5,Dinner
73,0.61,Clear,Low,Afternoon,Scooter,10,0.0,16,8.0,22227.0,ORD10139,Fast (<25min),8.0,Dinner
248,19.35,Clear,High,,Bike,12,7.0,75,6.6,12073.5,ORD10141,Very Slow (>45min),6.6,Morning
722,4.03,Clear,Medium,Evening,Bike,9,5.0,25,5.5,21558.0,ORD10142,Fast (<25min),5.5,Dinner
282,7.09,Snowy,Low,Morning,Scooter,13,8.0,37,4.6,14213.5,ORD10143,Slow (35-45min),4.6,Evening
894,8.25,Clear,Medium,Afternoon,Bike,7,9.0,28,3.7,36664.0,ORD10144,Normal (25-35min),3.7,Lunch
915,11.26,Clear,Low,Night,Bike,5,6.0,49,1.6,9418.5,ORD10145,Very Slow (>45min),1.6,Lunch
811,19.7,Rainy,Low,Evening,Bike,10,2.0,60,11.8,15253.5,ORD10146,Very Slow (>45min),11.8,Lunch
245,0.8,Snowy,High,Evening,Bike,14,9.0,36,6.9,24358.5,ORD10147,Slow (35-45min),6.9,Late Night
823,7.0,Rainy,Medium,Evening,Bike,17,9.0,49,1.8,44125.0,ORD10148,Very Slow (>45min),1.8,Lunch
322,14.43,Clear,Medium,Morning,Car,14,4.0,113,10.1,19519.0,ORD10149,Very Slow (>45min),10.1,Dinner
644,6.89,Rainy,Medium,Afternoon,Bike,11,6.0,43,13.3,15282.0,ORD10150,Slow (35-45min),13.3,Dinner
159,5.13,Foggy,Medium,Evening,Car,25,1.0,60,5.4,51668.49999999999,ORD10151,Very Slow (>45min),5.4,Lunch
978,1.5,Clear,Low,Afternoon,Bike,10,1.0,17,1.7,9779.0,ORD10152,Fast (<25min),1.7,Late Night
430,2.78,,High,Afternoon,Scooter,9,0.0,41,7.4,6718.5,ORD10153,Slow (35-45min),7.4,Late Night
942,11.31,Clear,Medium,Evening,Bike,7,0.0,54,16.9,25135.5,ORD10154,Very Slow (>45min),16.9,Lunch
463,15.05,Clear,Medium,Evening,Car,12,2.0,66,5.8,15693.5,ORD10155,Very Slow (>45min),5.8,Evening
310,5.78,Foggy,Low,Afternoon,Scooter,9,9.0,33,8.5,12105.5,ORD10156,Normal (25-35min),8.5,Lunch
698,11.83,Clear,Low,Evening,Scooter,9,7.0,32,9.3,28744.5,ORD10157,Normal (25-35min),9.3,Lunch
61,8.08,Foggy,Low,Morning,Bike,25,2.0,61,5.4,22786.5,ORD10158,Very Slow (>45min),5.4,Morning
885,16.1,Clear,Low,Evening,Bike,25,0.0,64,14.5,15213.999999999998,ORD10159,Very Slow (>45min),14.5,Dinner
596,9.74,Rainy,Medium,Evening,Scooter,7,8.0,37,5.4,10634.5,ORD10160,Slow (35-45min),5.4,Dinner
768,17.6,Clear,Low,Afternoon,Bike,27,3.0,69,13.5,31202.499999999996,ORD10161,Very Slow (>45min),13.5,Morning
650,10.22,Snowy,Medium,Night,Bike,18,1.0,68,13.4,27920.5,ORD10162,Very Slow (>45min),13.4,Lunch
651,2.19,Clear,Low,Evening,Bike,26,3.0,32,6.8,19195.5,ORD10163,Normal (25-35min),6.8,Late Night
866,11.41,Windy,Medium,Afternoon,Scooter,17,4.0,68,3.1,50784.0,ORD10164,Very Slow (>45min),3.1,Lunch
669,4.14,Clear,Medium,Morning,Scooter,14,2.0,30,9.7,11813.5,ORD10165,Normal (25-35min),9.7,Lunch
299,12.65,Rainy,Low,Afternoon,Bike,18,8.0,60,6.8,9407.5,ORD10166,Very Slow (>45min),6.8,Evening
690,4.15,,Medium,Morning,Car,17,8.0,46,3.7,14272.0,ORD10167,Very Slow (>45min),3.7,Late Night
315,16.8,,High,Morning,Car,19,4.0,85,2.5,19717.0,ORD10168,Very Slow (>45min),2.5,Lunch
311,9.06,Clear,Medium,Evening,Bike,23,4.0,47,9.6,22781.0,ORD10169,Very Slow (>45min),9.6,Dinner
362,13.04,Clear,Medium,Morning,Scooter,20,6.0,65,13.7,17879.5,ORD10170,Very Slow (>45min),13.7,Dinner
480,10.7,Clear,Medium,Afternoon,Scooter,8,5.0,44,1.2,24054.0,ORD10171,Slow (35-45min),1.2,Lunch
111,6.15,Foggy,Low,Evening,Scooter,26,5.0,48,8.6,10788.5,ORD10172,Very Slow (>45min),8.6,Dinner
990,16.47,Snowy,High,Evening,Scooter,20,9.0,75,6.1,41519.0,ORD10173,Very Slow (>45min),6.1,Lunch
487,1.39,Clear,Medium,Afternoon,Bike,15,4.0,24,6.8,19359.5,ORD10174,Fast (<25min),6.8,Dinner
364,11.14,Rainy,Medium,Morning,Scooter,7,3.0,47,3.5,35266.0,ORD10175,Very Slow (>45min),3.5,Dinner
255,3.81,Rainy,High,Afternoon,Bike,5,6.0,31,8.3,23942.0,ORD10176,Normal (25-35min),8.3,Dinner
260,2.39,Rainy,Medium,Evening,Bike,27,7.0,43,6.2,25346.5,ORD10177,Slow (35-45min),6.2,Morning
803,11.74,Clear,High,Evening,Car,6,3.0,54,16.1,26820.0,ORD10178,Very Slow (>45min),16.1,Dinner
678,8.26,Clear,Low,,Car,21,4.0,80,4.5,25232.0,ORD10179,Very Slow (>45min),4.5,Lunch
495,9.54,Rainy,Medium,Evening,Scooter,11,5.0,47,6.0,27816.500000000004,ORD10180,Very Slow (>45min),6.0,Lunch
671,3.88,Clear,Medium,Morning,Bike,16,2.0,35,2.2,39206.5,ORD10181,Normal (25-35min),2.2,Morning
378,0.95,Rainy,Medium,Morning,Car,27,0.0,44,13.7,22254.0,ORD10182,Slow (35-45min),13.7,Dinner
527,8.59,Clear,Low,Night,Scooter,17,8.0,36,11.4,28754.000000000004,ORD10183,Slow (35-45min),11.4,Dinner
846,8.59,Clear,Low,Evening,Bike,22,2.0,43,4.5,19286.5,ORD10184,Slow (35-45min),4.5,Morning
138,14.21,Clear,Medium,Evening,Bike,24,,58,12.3,41443.5,ORD10185,Very Slow (>45min),12.3,Dinner
356,13.03,Foggy,Low,Morning,Scooter,9,1.0,50,13.4,14383.5,ORD10186,Very Slow (>45min),13.4,Lunch
366,8.03,Clear,Low,Evening,Scooter,14,8.0,42,8.4,49637.0,ORD10187,Slow (35-45min),8.4,Dinner
943,13.2,Snowy,Low,Morning,Car,14,3.0,62,10.6,19770.5,ORD10188,Very Slow (>45min),10.6,Lunch
750,12.67,Clear,Medium,Evening,Car,10,3.0,65,5.8,9864.0,ORD10189,Very Slow (>45min),5.8,Dinner
949,17.54,Clear,,Morning,Car,16,8.0,54,2.6,21505.5,ORD10190,Very Slow (>45min),2.6,Lunch
830,9.32,Clear,Low,Morning,Scooter,6,5.0,30,10.4,14350.0,ORD10191,Normal (25-35min),10.4,Late Night
657,6.03,Rainy,High,Afternoon,Car,8,6.0,46,13.8,30710.000000000004,ORD10192,Very Slow (>45min),13.8,Lunch
200,15.71,Clear,Low,Afternoon,Scooter,28,5.0,69,13.5,14555.5,ORD10193,Very Slow (>45min),13.5,Lunch
214,4.87,Snowy,High,Evening,Bike,16,7.0,54,6.6,16138.0,ORD10194,Very Slow (>45min),6.6,Lunch
409,18.15,Rainy,High,Morning,Bike,22,7.0,108,11.7,7842.0,ORD10195,Very Slow (>45min),11.7,Late Night
333,0.78,Clear,Medium,Morning,Bike,6,1.0,17,6.3,16088.5,ORD10196,Fast (<25min),6.3,Dinner
209,0.6,Clear,Low,Afternoon,Bike,26,3.0,30,10.4,6003.5,ORD10197,Normal (25-35min),10.4,Lunch
614,2.09,Clear,Medium,Evening,Bike,5,5.0,16,7.4,9137.0,ORD10198,Fast (<25min),7.4,Dinner
79,7.49,Clear,,Morning,Scooter,13,9.0,45,11.9,29502.499999999996,ORD10199,Slow (35-45min),11.9,Dinner
30,1.41,Foggy,Medium,Evening,Bike,15,0.0,72,14.2,29879.5,ORD10200,Very Slow (>45min),14.2,Dinner
536,18.92,Clear,High,Morning,Scooter,27,4.0,100,4.0,24953.0,ORD10201,Very Slow (>45min),4.0,Dinner
696,12.41,Clear,Medium,Morning,Car,10,1.0,51,3.6,12438.5,ORD10202,Very Slow (>45min),3.6,Lunch
558,1.06,,Low,Afternoon,Scooter,19,6.0,21,8.5,19696.0,ORD10203,Fast (<25min),8.5,Morning
837,18.34,Clear,High,Night,Bike,9,4.0,92,16.4,20135.0,ORD10204,Very Slow (>45min),16.4,Dinner
597,13.52,Clear,Low,Morning,Scooter,27,1.0,82,1.8,11303.0,ORD10205,Very Slow (>45min),1.8,Late Night
166,16.79,Foggy,High,Afternoon,Bike,24,6.0,85,3.9,42775.5,ORD10206,Very Slow (>45min),3.9,Dinner
919,15.39,Clear,Medium,Evening,Scooter,24,5.0,89,17.3,31279.000000000004,ORD10207,Very Slow (>45min),17.3,Lunch
496,7.39,Rainy,Medium,Morning,Scooter,25,6.0,60,1.3,18061.5,ORD10208,Very Slow (>45min),1.3,Lunch
825,10.98,Rainy,Low,Morning,Scooter,10,6.0,55,3.8,20444.5,ORD10209,Very Slow (>45min),3.8,Dinner
66,11.08,Snowy,Medium,Morning,Bike,9,0.0,57,10.3,22386.5,ORD10210,Very Slow (>45min),10.3,Dinner
142,5.41,Clear,Medium,Night,Bike,14,5.0,36,9.2,7267.5,ORD10211,Slow (35-45min),9.2,Dinner
926,0.94,Clear,High,Morning,Bike,9,6.0,21,6.3,17826.5,ORD10212,Fast (<25min),6.3,Dinner
828,7.27,Windy,Low,Afternoon,Bike,10,5.0,35,3.5,14343.0,ORD10213,Normal (25-35min),3.5,Dinner
656,2.99,Windy,Medium,Morning,Bike,27,5.0,41,10.3,12224.5,ORD10214,Slow (35-45min),10.3,Morning
332,15.28,Snowy,Low,Evening,Bike,16,5.0,72,6.1,17526.5,ORD10215,Very Slow (>45min),6.1,Lunch
665,2.48,Windy,Medium,Afternoon,Car,14,6.0,27,4.0,49556.5,ORD10216,Normal (25-35min),4.0,Dinner
250,17.13,Rainy,Low,Evening,Car,19,1.0,71,16.1,27790.499999999996,ORD10217,Very Slow (>45min),16.1,Dinner
908,7.17,Clear,Low,Afternoon,Bike,15,7.0,32,8.1,15160.499999999998,ORD10218,Normal (25-35min),8.1,Morning
709,5.47,Rainy,Low,Morning,Car,21,6.0,38,11.5,26858.0,ORD10219,Slow (35-45min),11.5,Lunch
306,19.53,Foggy,Low,Afternoon,Bike,11,6.0,87,16.9,40607.0,ORD10220,Very Slow (>45min),16.9,Dinner
735,7.5,Clear,High,Morning,Bike,29,1.0,66,11.9,32027.0,ORD10221,Very Slow (>45min),11.9,Morning
976,5.61,Windy,Low,Night,Bike,25,9.0,48,2.4,20782.0,ORD10222,Very Slow (>45min),2.4,Lunch
50,4.1,Clear,Low,Morning,Bike,21,3.0,37,5.4,14597.0,ORD10223,Slow (35-45min),5.4,Dinner
897,6.22,Rainy,Medium,Morning,Bike,15,0.0,49,5.0,28599.0,ORD10224,Very Slow (>45min),5.0,Dinner
3,14.77,,High,Morning,Scooter,11,6.0,67,5.9,24557.5,ORD10225,Very Slow (>45min),5.9,Dinner
545,12.55,Windy,Low,Evening,Bike,13,8.0,51,16.0,31558.999999999996,ORD10226,Very Slow (>45min),16.0,Lunch
351,10.31,Foggy,Medium,Morning,Scooter,19,5.0,62,8.2,27711.5,ORD10227,Very Slow (>45min),8.2,Dinner
905,8.72,Snowy,Medium,Evening,Car,18,7.0,64,17.5,34091.5,ORD10228,Very Slow (>45min),17.5,Lunch
537,17.07,Clear,Medium,Morning,Bike,20,6.0,73,14.1,15435.0,ORD10229,Very Slow (>45min),14.1,Lunch
345,8.27,,High,Afternoon,Scooter,13,5.0,58,14.6,38976.5,ORD10230,Very Slow (>45min),14.6,Dinner
995,7.54,Snowy,Low,Afternoon,Bike,20,,55,9.3,22266.0,ORD10231,Very Slow (>45min),9.3,Dinner
482,14.07,Clear,High,Afternoon,Bike,5,8.0,67,12.2,56934.5,ORD10232,Very Slow (>45min),12.2,Dinner
576,19.02,Clear,Medium,Afternoon,Bike,29,9.0,87,13.1,14291.5,ORD10233,Very Slow (>45min),13.1,Dinner
34,19.0,Clear,High,Morning,Car,28,3.0,96,6.7,48050.5,ORD10234,Very Slow (>45min),6.7,Dinner
32,3.83,Rainy,Medium,Afternoon,Bike,12,9.0,30,8.5,22269.5,ORD10235,Normal (25-35min),8.5,Morning
232,10.3,Clear,Low,Evening,Scooter,19,8.0,48,5.2,14563.999999999998,ORD10236,Very Slow (>45min),5.2,Lunch
964,8.09,Clear,High,Afternoon,Scooter,15,4.0,51,1.5,15836.5,ORD10237,Very Slow (>45min),1.5,Lunch
193,18.06,Clear,Medium,Night,Bike,9,8.0,52,11.1,17186.0,ORD10238,Very Slow (>45min),11.1,Lunch
334,2.76,Windy,Medium,Morning,Scooter,8,5.0,22,2.2,24937.0,ORD10239,Fast (<25min),2.2,Late Night
4,12.17,Snowy,Low,Evening,Bike,20,8.0,68,19.2,26198.0,ORD10240,Very Slow (>45min),19.2,Lunch
515,1.38,Clear,Medium,Evening,Scooter,5,8.0,13,6.9,19927.5,ORD10242,Fast (<25min),6.9,Dinner
800,18.49,Clear,Low,Afternoon,Scooter,14,6.0,71,8.7,58874.0,ORD10243,Very Slow (>45min),8.7,Dinner
307,10.57,Snowy,Low,Afternoon,Bike,28,9.0,59,1.5,47848.5,ORD10244,Very Slow (>45min),1.5,Dinner
110,2.0,Clear,High,Evening,Scooter,10,2.0,30,10.7,25089.0,ORD10245,Normal (25-35min),10.7,Dinner
431,3.29,Clear,Medium,Afternoon,Scooter,17,4.0,32,5.6,20558.5,ORD10246,Normal (25-35min),5.6,Dinner
78,1.94,Rainy,Medium,Morning,Bike,16,0.0,35,12.3,21419.0,ORD10247,Normal (25-35min),12.3,Evening
85,6.56,Windy,Medium,,Bike,14,1.0,47,14.9,27413.5,ORD10248,Very Slow (>45min),14.9,Lunch
287,9.58,Clear,High,Afternoon,Car,26,8.0,60,16.0,12096.0,ORD10249,Very Slow (>45min),16.0,Dinner
83,6.95,Clear,Medium,Morning,Scooter,25,2.0,58,6.2,17735.5,ORD10250,Very Slow (>45min),6.2,Lunch
992,14.05,Clear,High,Morning,Scooter,19,0.0,72,9.1,8758.0,ORD10251,Very Slow (>45min),9.1,Morning
895,13.53,Rainy,Low,Evening,Bike,28,8.0,78,8.2,27879.000000000004,ORD10253,Very Slow (>45min),8.2,Dinner
399,15.14,Rainy,Medium,Morning,Bike,8,6.0,66,4.5,15841.999999999998,ORD10254,Very Slow (>45min),4.5,Lunch
324,5.96,Clear,Low,Afternoon,Bike,26,6.0,48,9.2,44312.0,ORD10255,Very Slow (>45min),9.2,Late Night
520,3.43,Windy,Medium,Morning,Bike,7,6.0,23,9.3,10928.5,ORD10256,Fast (<25min),9.3,Late Night
917,6.24,,Medium,Evening,Bike,15,3.0,52,11.9,9699.5,ORD10257,Very Slow (>45min),11.9,Late Night
923,17.94,Rainy,High,Evening,Scooter,22,6.0,85,14.6,22567.0,ORD10258,Very Slow (>45min),14.6,Lunch
6,3.54,Rainy,Medium,Evening,Bike,10,5.0,32,1.9,34049.5,ORD10259,Normal (25-35min),1.9,Morning
732,16.38,Rainy,Medium,Night,Bike,7,,90,16.3,46816.5,ORD10260,Very Slow (>45min),16.3,Late Night
466,7.81,Clear,Low,Evening,Bike,11,4.0,42,14.2,16036.000000000002,ORD10261,Slow (35-45min),14.2,Evening
98,8.84,Clear,,Morning,Bike,26,0.0,57,3.5,34591.5,ORD10262,Very Slow (>45min),3.5,Late Night
267,14.09,Clear,Medium,Afternoon,Scooter,12,3.0,55,9.5,19787.0,ORD10263,Very Slow (>45min),9.5,Late Night
358,11.92,Clear,Low,Afternoon,Scooter,14,4.0,46,13.5,18503.5,ORD10264,Very Slow (>45min),13.5,Dinner
869,17.3,Clear,Low,Evening,Scooter,9,0.0,67,15.3,31377.499999999996,ORD10265,Very Slow (>45min),15.3,Lunch
799,14.08,Clear,High,Morning,Bike,28,6.0,66,14.3,27950.5,ORD10266,Very Slow (>45min),14.3,Lunch
381,2.8,Clear,High,Afternoon,Bike,28,1.0,50,11.7,9171.0,ORD10267,Very Slow (>45min),11.7,Dinner
632,17.96,Clear,Medium,,Bike,22,2.0,76,8.9,42205.0,ORD10268,Very Slow (>45min),8.9,Lunch
382,14.09,Clear,High,Afternoon,Bike,12,6.0,67,6.9,40218.0,ORD10269,Very Slow (>45min),6.9,Lunch
491,9.39,Clear,Low,Morning,Bike,14,2.0,37,10.8,14753.5,ORD10270,Slow (35-45min),10.8,Dinner
119,17.9,Clear,Low,Morning,Bike,23,,85,20.0,24586.0,ORD10271,Very Slow (>45min),20.0,Late Night
901,4.55,Rainy,Low,Afternoon,Bike,5,6.0,21,8.2,25823.5,ORD10272,Fast (<25min),8.2,Dinner
251,6.24,Snowy,Low,Afternoon,Bike,20,4.0,51,15.1,22979.5,ORD10273,Very Slow (>45min),15.1,Dinner
524,16.92,Clear,Low,Morning,Scooter,29,0.0,70,11.3,15319.5,ORD10274,Very Slow (>45min),11.3,Morning
10,14.31,Clear,Medium,Morning,Bike,9,8.0,47,8.3,14417.500000000002,ORD10275,Very Slow (>45min),8.3,Dinner
197,14.66,Windy,Medium,,Bike,20,2.0,77,18.2,19915.5,ORD10276,Very Slow (>45min),18.2,Late Night
604,2.23,Clear,Low,Morning,Bike,7,6.0,14,5.2,36257.0,ORD10277,Fast (<25min),5.2,Lunch
82,12.65,Clear,Low,Evening,Bike,15,4.0,66,14.4,26471.499999999996,ORD10278,Very Slow (>45min),14.4,Dinner
784,7.24,Rainy,Medium,Evening,Bike,28,6.0,65,15.9,16759.5,ORD10279,Very Slow (>45min),15.9,Dinner
588,3.01,Clear,Medium,Evening,Bike,14,4.0,26,9.5,29669.5,ORD10280,Normal (25-35min),9.5,Dinner
798,11.52,,Medium,Morning,Scooter,25,2.0,58,6.9,4855.0,ORD10281,Very Slow (>45min),6.9,Dinner
240,3.95,Clear,Low,Afternoon,Bike,13,5.0,25,4.3,35825.0,ORD10282,Fast (<25min),4.3,Dinner
291,1.09,Clear,Medium,Morning,Scooter,6,2.0,17,1.3,8452.0,ORD10283,Fast (<25min),1.3,Lunch
212,13.99,Clear,High,Evening,Scooter,7,3.0,96,16.3,16828.0,ORD10284,Very Slow (>45min),16.3,Lunch
718,19.32,Rainy,High,Morning,Car,21,7.0,112,3.1,11524.0,ORD10285,Very Slow (>45min),3.1,Dinner
360,11.72,Rainy,Low,Evening,Bike,11,9.0,42,7.2,10558.5,ORD10286,Slow (35-45min),7.2,Dinner
450,2.13,Rainy,Low,Morning,Scooter,9,2.0,22,5.5,36042.0,ORD10287,Fast (<25min),5.5,Dinner
228,8.17,Clear,Medium,Afternoon,Scooter,20,9.0,44,4.9,15965.5,ORD10288,Slow (35-45min),4.9,Late Night
951,12.21,Clear,High,Morning,Bike,9,4.0,57,11.0,23987.0,ORD10289,Very Slow (>45min),11.0,Dinner
947,3.17,Clear,Medium,Evening,Scooter,17,6.0,33,1.2,19703.5,ORD10290,Normal (25-35min),1.2,Dinner
797,18.68,Snowy,Low,Afternoon,Bike,11,8.0,62,1.9,25605.0,ORD10291,Very Slow (>45min),1.9,Dinner
502,10.95,Clear,Medium,Evening,Scooter,24,4.0,55,14.5,20961.5,ORD10292,Very Slow (>45min),14.5,Dinner
465,19.26,Windy,Medium,Morning,Scooter,21,6.0,67,8.1,10620.5,ORD10293,Very Slow (>45min),8.1,Dinner
363,9.44,Rainy,,Evening,Scooter,28,8.0,63,3.6,33195.0,ORD10294,Very Slow (>45min),3.6,Dinner
469,4.86,Foggy,Medium,Evening,Car,25,4.0,52,9.2,15758.5,ORD10295,Very Slow (>45min),9.2,Dinner
936,5.81,Foggy,Low,Afternoon,Bike,25,8.0,51,12.9,9262.5,ORD10296,Very Slow (>45min),12.9,Lunch
429,7.34,Rainy,Low,Evening,Bike,22,8.0,47,4.1,16284.5,ORD10297,Very Slow (>45min),4.1,Lunch
8,17.39,Foggy,Medium,Morning,Bike,25,4.0,100,18.0,42719.0,ORD10298,Very Slow (>45min),18.0,Morning
156,5.22,Snowy,Low,Evening,Bike,11,9.0,40,2.0,30857.5,ORD10299,Slow (35-45min),2.0,Dinner
542,12.32,Clear,Medium,Evening,Scooter,17,4.0,71,2.4,16944.5,ORD10300,Very Slow (>45min),2.4,Morning
441,2.15,Windy,Medium,Afternoon,Car,17,6.0,30,6.5,16939.5,ORD10301,Normal (25-35min),6.5,Evening
483,9.36,Rainy,High,Morning,Scooter,17,2.0,65,11.2,17175.0,ORD10302,Very Slow (>45min),11.2,Dinner
423,2.28,Clear,Medium,Evening,Scooter,27,9.0,39,9.0,56976.5,ORD10303,Slow (35-45min),9.0,Lunch
779,14.54,Clear,Medium,Evening,Bike,29,2.0,73,16.0,24416.0,ORD10304,Very Slow (>45min),16.0,Dinner
950,12.15,Clear,High,Morning,Car,12,6.0,63,18.8,25010.5,ORD10305,Very Slow (>45min),18.8,Morning
335,1.4,Windy,Low,Evening,Bike,9,9.0,17,4.6,33764.5,ORD10306,Fast (<25min),4.6,Morning
577,3.37,Clear,High,Morning,Bike,9,,28,4.1,22729.5,ORD10307,Normal (25-35min),4.1,Dinner
935,3.85,Rainy,Medium,Afternoon,Bike,26,3.0,46,12.3,17721.0,ORD10308,Very Slow (>45min),12.3,Lunch
568,9.03,Clear,Low,,Bike,11,5.0,43,4.6,18285.0,ORD10309,Slow (35-45min),4.6,Lunch
595,17.99,Snowy,Low,Afternoon,Bike,15,3.0,63,9.1,19462.0,ORD10310,Very Slow (>45min),9.1,Dinner
531,16.35,Clear,Medium,Morning,Bike,16,0.0,66,2.8,19799.5,ORD10311,Very Slow (>45min),2.8,Dinner
582,19.61,Clear,High,Evening,Bike,8,6.0,72,1.9,29023.0,ORD10312,Very Slow (>45min),1.9,Lunch
449,7.84,Windy,Low,Afternoon,Bike,6,4.0,28,9.3,29095.5,ORD10314,Normal (25-35min),9.3,Dinner
454,18.17,Rainy,Low,Afternoon,Car,13,0.0,71,15.1,19373.5,ORD10315,Very Slow (>45min),15.1,Morning
229,17.89,Windy,Low,,Bike,27,1.0,101,12.6,20980.5,ORD10316,Very Slow (>45min),12.6,Morning
353,13.34,Clear,Medium,Night,Bike,20,6.0,53,3.9,7427.500000000001,ORD10317,Very Slow (>45min),3.9,Dinner
729,4.43,Foggy,Low,Morning,Scooter,10,1.0,63,4.1,31894.5,ORD10318,Very Slow (>45min),4.1,Dinner
213,13.21,Clear,,Morning,Scooter,12,4.0,63,5.8,23987.0,ORD10319,Very Slow (>45min),5.8,Dinner
80,2.76,Windy,Medium,Night,Bike,6,2.0,27,6.3,33224.0,ORD10320,Normal (25-35min),6.3,Dinner
149,1.5,Foggy,Medium,Evening,Scooter,15,4.0,32,8.8,4740.5,ORD10321,Normal (25-35min),8.8,Late Night
303,11.04,Clear,Medium,Afternoon,Scooter,8,2.0,54,11.7,57309.0,ORD10322,Very Slow (>45min),11.7,Dinner
629,1.22,Clear,Medium,Evening,Scooter,6,,14,2.5,18811.5,ORD10323,Fast (<25min),2.5,Lunch
778,14.58,Clear,Low,Afternoon,Bike,13,,57,17.1,35105.5,ORD10324,Very Slow (>45min),17.1,Dinner
507,18.26,Rainy,High,Night,Scooter,28,7.0,93,19.8,11993.0,ORD10325,Very Slow (>45min),19.8,Lunch
343,3.88,Foggy,Low,Evening,Car,27,9.0,42,8.4,27402.999999999996,ORD10326,Slow (35-45min),8.4,Evening
486,18.07,Clear,High,Afternoon,Scooter,5,2.0,67,12.8,11912.0,ORD10327,Very Slow (>45min),12.8,Morning
712,12.11,Clear,Medium,Evening,Bike,28,0.0,75,10.1,14766.999999999998,ORD10328,Very Slow (>45min),10.1,Morning
134,7.08,Clear,Medium,Afternoon,Scooter,5,8.0,27,3.2,52524.5,ORD10329,Normal (25-35min),3.2,Late Night
704,3.12,Rainy,Low,Evening,Scooter,14,5.0,28,4.4,18337.0,ORD10330,Normal (25-35min),4.4,Dinner
312,2.03,Foggy,High,Evening,Car,14,4.0,36,10.0,22488.0,ORD10331,Slow (35-45min),10.0,Dinner
723,1.8,Clear,,Night,Bike,14,1.0,28,0.9,31164.999999999996,ORD10332,Normal (25-35min),0.9,Evening
630,5.42,Clear,Low,Evening,Scooter,11,9.0,26,1.8,25845.0,ORD10333,Normal (25-35min),1.8,Lunch
1,7.8,Clear,Low,Evening,Scooter,23,5.0,52,1.8,21747.0,ORD10334,Very Slow (>45min),1.8,Lunch
317,8.47,Rainy,Low,Afternoon,Scooter,19,0.0,48,1.6,24209.5,ORD10335,Very Slow (>45min),1.6,Lunch
707,6.79,Rainy,Low,Evening,Scooter,16,1.0,39,11.8,67086.0,ORD10336,Slow (35-45min),11.8,Dinner
548,13.6,Rainy,Medium,Afternoon,Scooter,23,6.0,83,17.3,19598.5,ORD10337,Very Slow (>45min),17.3,Dinner
873,13.06,Rainy,High,Morning,Bike,17,8.0,59,9.3,22305.0,ORD10338,Very Slow (>45min),9.3,Dinner
533,19.93,Snowy,Low,Afternoon,Bike,6,6.0,59,2.9,34110.0,ORD10339,Very Slow (>45min),2.9,Lunch
478,11.3,Snowy,Medium,Afternoon,Bike,15,8.0,70,10.9,35059.0,ORD10340,Very Slow (>45min),10.9,Late Night
405,6.74,Rainy,Medium,Evening,Car,21,9.0,47,7.9,36517.0,ORD10341,Very Slow (>45min),7.9,Dinner
173,10.49,Rainy,Low,Morning,Bike,28,9.0,66,4.5,27761.0,ORD10342,Very Slow (>45min),4.5,Dinner
126,8.83,,Medium,Evening,Scooter,12,3.0,109,14.1,11390.5,ORD10343,Very Slow (>45min),14.1,Dinner
395,7.15,Clear,High,Night,Car,29,7.0,60,8.1,45649.0,ORD10344,Very Slow (>45min),8.1,Evening
421,15.94,Clear,Low,Evening,Bike,24,2.0,77,14.4,11371.5,ORD10345,Very Slow (>45min),14.4,Lunch
553,11.26,Foggy,High,Afternoon,Bike,14,2.0,70,13.7,23467.0,ORD10346,Very Slow (>45min),13.7,Lunch
904,11.87,Clear,Medium,Morning,Bike,10,6.0,43,1.6,13834.0,ORD10347,Slow (35-45min),1.6,Dinner
91,2.83,Windy,Medium,Afternoon,Scooter,14,6.0,28,4.6,19535.0,ORD10348,Normal (25-35min),4.6,Morning
940,11.74,Clear,Low,Afternoon,Car,20,1.0,52,10.8,23775.5,ORD10349,Very Slow (>45min),10.8,Lunch
182,2.71,Clear,Low,Morning,Scooter,6,1.0,20,4.9,23687.5,ORD10350,Fast (<25min),4.9,Morning
275,10.47,Clear,High,Evening,Scooter,14,7.0,55,15.0,24909.0,ORD10351,Very Slow (>45min),15.0,Morning
896,4.5,Snowy,High,Evening,Bike,24,0.0,66,13.6,45201.0,ORD10352,Very Slow (>45min),13.6,Dinner
70,19.74,,Low,,Car,21,7.0,71,4.6,25306.0,ORD10353,Very Slow (>45min),4.6,Dinner
292,1.23,Clear,Low,Evening,Bike,18,6.0,21,1.2,17853.5,ORD10354,Fast (<25min),1.2,Evening
132,4.83,Clear,Low,Evening,Bike,11,1.0,29,7.5,32664.999999999996,ORD10355,Normal (25-35min),7.5,Morning
301,1.51,Clear,High,Afternoon,Bike,14,2.0,32,1.1,36562.0,ORD10356,Normal (25-35min),1.1,Evening
425,1.62,Windy,Low,Evening,Bike,9,8.0,16,5.1,10918.5,ORD10357,Fast (<25min),5.1,Evening
327,11.31,Clear,High,Evening,Bike,20,0.0,67,19.0,27193.0,ORD10358,Very Slow (>45min),19.0,Lunch
145,6.05,Clear,Medium,Morning,Car,24,0.0,48,9.5,28641.500000000004,ORD10359,Very Slow (>45min),9.5,Evening
424,10.14,Clear,Medium,Morning,Scooter,20,1.0,59,7.8,17383.0,ORD10360,Very Slow (>45min),7.8,Lunch
581,9.45,Clear,Low,Afternoon,Car,13,0.0,49,10.6,40130.0,ORD10361,Very Slow (>45min),10.6,Dinner
136,6.8,Clear,High,Evening,Bike,28,5.0,55,8.6,18713.5,ORD10362,Very Slow (>45min),8.6,Dinner
451,15.65,Clear,Low,Afternoon,Bike,27,0.0,76,12.8,21478.5,ORD10363,Very Slow (>45min),12.8,Morning
165,2.26,Clear,Medium,Morning,Scooter,6,3.0,19,8.4,18499.5,ORD10364,Fast (<25min),8.4,Lunch
29,12.05,Clear,Low,Evening,Scooter,29,4.0,61,8.0,20329.0,ORD10365,Very Slow (>45min),8.0,Dinner
774,8.25,Windy,Medium,Evening,Car,24,4.0,62,18.3,11659.5,ORD10366,Very Slow (>45min),18.3,Dinner
389,15.14,Windy,Medium,Morning,Bike,15,4.0,71,5.3,44769.0,ORD10368,Very Slow (>45min),5.3,Dinner
853,4.59,Foggy,Low,Evening,Scooter,19,8.0,36,1.7,13207.499999999998,ORD10369,Slow (35-45min),1.7,Dinner
170,12.02,Clear,Low,Afternoon,Bike,26,0.0,63,3.1,12287.5,ORD10370,Very Slow (>45min),3.1,Lunch
706,19.8,Clear,High,Evening,Bike,7,3.0,88,2.1,6873.0,ORD10371,Very Slow (>45min),2.1,Morning
141,19.27,Foggy,High,Afternoon,Bike,14,6.0,92,4.0,14655.000000000002,ORD10372,Very Slow (>45min),4.0,Dinner
174,4.92,Clear,High,Morning,Scooter,12,0.0,41,9.9,10409.5,ORD10373,Slow (35-45min),9.9,Morning
7,1.63,Rainy,Medium,Night,Bike,24,5.0,38,1.8,45845.5,ORD10374,Slow (35-45min),1.8,Dinner
746,18.04,Clear,Medium,Morning,Bike,8,5.0,71,7.7,33420.5,ORD10375,Very Slow (>45min),7.7,Late Night
74,16.4,Clear,High,Morning,Scooter,12,2.0,70,1.8,62208.00000000001,ORD10377,Very Slow (>45min),1.8,Dinner
911,12.01,Clear,Low,Morning,Car,5,7.0,42,11.8,32955.0,ORD10378,Slow (35-45min),11.8,Lunch
239,13.09,Windy,Low,,Scooter,17,1.0,69,3.6,5781.0,ORD10380,Very Slow (>45min),3.6,Dinner
146,1.22,Foggy,High,Afternoon,Scooter,14,2.0,38,9.6,63417.49999999999,ORD10381,Slow (35-45min),9.6,Evening
793,10.36,Rainy,Medium,Afternoon,Bike,7,8.0,39,8.9,10069.0,ORD10382,Slow (35-45min),8.9,Dinner
235,4.31,Rainy,Medium,Afternoon,Bike,9,2.0,35,11.2,8860.0,ORD10383,Normal (25-35min),11.2,Late Night
221,13.32,Windy,Medium,Afternoon,Bike,26,0.0,71,15.9,33634.5,ORD10384,Very Slow (>45min),15.9,Lunch
924,16.1,Clear,Low,Morning,Car,16,6.0,61,15.3,68316.0,ORD10385,Very Slow (>45min),15.3,Late Night
501,14.11,Rainy,High,Morning,Scooter,24,3.0,93,8.6,40302.0,ORD10386,Very Slow (>45min),8.6,Late Night
133,2.84,Clear,Medium,Night,Scooter,28,1.0,44,3.4,26741.500000000004,ORD10387,Slow (35-45min),3.4,Lunch
991,16.09,Snowy,Low,Morning,Car,13,6.0,69,15.8,27157.5,ORD10388,Very Slow (>45min),15.8,Morning
186,13.37,Windy,High,Afternoon,Scooter,17,8.0,63,19.0,29480.5,ORD10390,Very Slow (>45min),19.0,Lunch
42,10.16,Snowy,Medium,Night,Bike,10,1.0,67,9.1,23216.5,ORD10391,Very Slow (>45min),9.1,Morning
697,6.13,Clear,Medium,Night,Scooter,22,0.0,48,6.5,21250.0,ORD10392,Very Slow (>45min),6.5,Morning
109,4.96,Rainy,Low,Afternoon,Car,10,7.0,28,8.7,19550.0,ORD10393,Normal (25-35min),8.7,Dinner
589,3.0,Clear,Low,Morning,Scooter,29,1.0,43,5.6,13836.000000000002,ORD10394,Slow (35-45min),5.6,Morning
57,2.23,Snowy,Medium,Evening,Car,14,0.0,41,13.2,17530.5,ORD10395,Slow (35-45min),13.2,Lunch
406,17.96,Clear,,Evening,Scooter,26,0.0,74,18.9,8652.0,ORD10396,Very Slow (>45min),18.9,Dinner
443,7.8,Rainy,Medium,Morning,Bike,11,7.0,49,7.4,19203.5,ORD10397,Very Slow (>45min),7.4,Morning
758,10.9,Clear,High,Afternoon,Scooter,6,8.0,47,11.9,12304.5,ORD10398,Very Slow (>45min),11.9,Dinner
998,3.17,Clear,Low,Afternoon,Bike,17,1.0,28,8.5,11617.0,ORD10399,Normal (25-35min),8.5,Lunch
25,9.39,Windy,Medium,Morning,Scooter,21,9.0,50,2.6,22070.0,ORD10400,Very Slow (>45min),2.6,Lunch
540,3.02,Rainy,Medium,Morning,Bike,23,1.0,46,8.2,31926.0,ORD10402,Very Slow (>45min),8.2,Dinner
619,16.22,Rainy,High,Evening,Bike,22,0.0,102,10.3,12298.0,ORD10404,Very Slow (>45min),10.3,Dinner
695,2.74,Clear,High,Afternoon,Bike,18,9.0,37,11.9,32286.5,ORD10405,Slow (35-45min),11.9,Dinner
927,5.74,Rainy,High,Evening,Bike,13,9.0,46,6.5,12342.0,ORD10406,Very Slow (>45min),6.5,Dinner
339,9.75,Clear,Low,Afternoon,Bike,22,7.0,50,1.2,18028.5,ORD10407,Very Slow (>45min),1.2,Dinner
508,16.54,Rainy,Medium,Afternoon,Bike,25,7.0,77,3.4,12430.0,ORD10409,Very Slow (>45min),3.4,Lunch
517,7.84,Rainy,Low,Morning,Scooter,7,8.0,36,4.7,21262.5,ORD10410,Slow (35-45min),4.7,Lunch
782,11.08,Windy,High,Afternoon,Bike,16,6.0,70,19.9,14933.000000000002,ORD10412,Very Slow (>45min),19.9,Dinner
265,17.61,Clear,Medium,Evening,Scooter,21,9.0,79,13.8,23669.0,ORD10413,Very Slow (>45min),13.8,Dinner
818,8.28,Snowy,Low,Evening,Car,29,7.0,58,11.8,9095.5,ORD10414,Very Slow (>45min),11.8,Late Night
711,15.32,Clear,Medium,Morning,Bike,17,6.0,80,11.2,25141.0,ORD10415,Very Slow (>45min),11.2,Evening
683,3.83,Rainy,Low,Evening,Car,27,3.0,49,5.4,19974.5,ORD10416,Very Slow (>45min),5.4,Lunch
833,3.25,Rainy,,Evening,Scooter,29,0.0,51,6.1,26589.5,ORD10417,Very Slow (>45min),6.1,Dinner
519,19.75,Clear,Medium,Morning,Bike,25,1.0,103,19.8,22561.0,ORD10418,Very Slow (>45min),19.8,Lunch
448,15.19,Foggy,Low,Evening,Scooter,6,4.0,53,13.0,39898.5,ORD10419,Very Slow (>45min),13.0,Late Night
19,8.92,Windy,,Morning,Bike,25,4.0,62,15.3,21475.0,ORD10420,Very Slow (>45min),15.3,Dinner
716,18.63,Windy,Low,Afternoon,Bike,11,5.0,85,19.6,16274.0,ORD10421,Very Slow (>45min),19.6,Evening
484,12.74,Clear,Low,Night,Scooter,18,0.0,67,3.1,21443.5,ORD10422,Very Slow (>45min),3.1,Dinner
569,18.13,Rainy,High,Evening,Bike,21,2.0,88,13.2,26467.5,ORD10423,Very Slow (>45min),13.2,Dinner
434,2.47,Rainy,Low,Afternoon,Car,22,6.0,34,1.5,20670.5,ORD10424,Normal (25-35min),1.5,Lunch
368,18.15,Windy,Medium,Morning,Bike,11,2.0,89,14.6,20585.0,ORD10425,Very Slow (>45min),14.6,Late Night
84,1.74,Foggy,High,Afternoon,Scooter,8,9.0,28,5.3,14200.5,ORD10426,Normal (25-35min),5.3,Dinner
62,5.79,Windy,Medium,Morning,Bike,26,6.0,49,14.3,14480.5,ORD10427,Very Slow (>45min),14.3,Dinner
639,5.75,Windy,High,Morning,Scooter,7,4.0,37,5.2,10004.0,ORD10428,Slow (35-45min),5.2,Lunch
273,17.41,Snowy,Medium,Evening,Bike,20,4.0,80,4.1,48378.5,ORD10429,Very Slow (>45min),4.1,Dinner
286,1.2,Rainy,Low,Morning,Scooter,24,7.0,33,2.4,10830.0,ORD10430,Normal (25-35min),2.4,Lunch
361,8.07,Windy,Low,Evening,Bike,21,4.0,48,12.2,14265.0,ORD10431,Very Slow (>45min),12.2,Morning
355,1.88,Clear,Medium,Morning,Scooter,24,7.0,35,8.2,14084.5,ORD10432,Normal (25-35min),8.2,Late Night
457,0.72,Rainy,Medium,Afternoon,Scooter,9,2.0,23,1.6,31555.0,ORD10433,Fast (<25min),1.6,Morning
279,14.19,Clear,Medium,Afternoon,Bike,9,1.0,57,2.6,17405.5,ORD10434,Very Slow (>45min),2.6,Lunch
13,16.73,Windy,High,Afternoon,Scooter,9,7.0,71,15.2,37642.5,ORD10435,Very Slow (>45min),15.2,Late Night
183,18.53,Rainy,Low,Afternoon,Scooter,8,8.0,57,2.4,14404.0,ORD10436,Very Slow (>45min),2.4,Late Night
369,4.32,Clear,Low,Morning,Bike,21,9.0,34,10.4,23191.0,ORD10437,Normal (25-35min),10.4,Dinner
882,13.6,Foggy,High,Evening,Bike,9,7.0,61,13.6,13284.5,ORD10438,Very Slow (>45min),13.6,Dinner
616,18.46,Rainy,Low,Morning,Bike,19,9.0,94,3.8,58959.0,ORD10439,Very Slow (>45min),3.8,Evening
224,7.67,Windy,Low,Morning,Car,9,2.0,31,1.7,11139.0,ORD10440,Normal (25-35min),1.7,Lunch
573,8.23,Snowy,Low,Evening,Bike,17,3.0,56,17.3,23551.0,ORD10441,Very Slow (>45min),17.3,Lunch
971,13.44,Clear,Low,Night,Bike,29,0.0,63,8.0,27692.5,ORD10442,Very Slow (>45min),8.0,Dinner
654,15.04,Clear,Low,Morning,Car,24,5.0,60,7.6,24808.0,ORD10443,Very Slow (>45min),7.6,Dinner
546,7.48,Clear,Medium,Morning,Car,21,4.0,52,13.7,18386.5,ORD10444,Very Slow (>45min),13.7,Dinner
583,10.11,Rainy,,Afternoon,Scooter,23,2.0,63,18.3,18903.5,ORD10445,Very Slow (>45min),18.3,Dinner
634,10.88,Snowy,Low,Afternoon,Car,13,3.0,52,16.4,20618.0,ORD10446,Very Slow (>45min),16.4,Morning
177,13.97,Snowy,Low,Evening,Scooter,14,8.0,52,12.8,18742.0,ORD10447,Very Slow (>45min),12.8,Evening
666,3.48,Foggy,Low,Afternoon,Scooter,9,1.0,31,4.9,32662.0,ORD10448,Normal (25-35min),4.9,Morning
674,10.73,Foggy,Low,Morning,Bike,6,6.0,35,1.8,60917.99999999999,ORD10449,Normal (25-35min),1.8,Dinner
586,5.18,Clear,Medium,Afternoon,Car,9,2.0,30,9.1,15264.500000000002,ORD10450,Normal (25-35min),9.1,Evening
874,8.47,Foggy,Medium,Evening,Bike,24,0.0,68,12.0,10169.0,ORD10451,Very Slow (>45min),12.0,Dinner
164,10.95,Snowy,,Afternoon,Bike,9,1.0,65,17.9,73268.0,ORD10453,Very Slow (>45min),17.9,Lunch
249,19.29,Windy,Medium,Evening,Scooter,7,8.0,84,4.1,13496.5,ORD10454,Very Slow (>45min),4.1,Lunch
635,2.59,Windy,Medium,,Bike,13,5.0,28,5.8,45779.0,ORD10455,Normal (25-35min),5.8,Lunch
886,3.98,Clear,High,Night,Car,19,3.0,41,1.1,46671.0,ORD10456,Slow (35-45min),1.1,Dinner
670,6.06,Foggy,Low,Afternoon,Scooter,10,8.0,41,7.1,15294.0,ORD10457,Slow (35-45min),7.1,Dinner
376,6.72,Foggy,Low,Evening,Bike,8,5.0,31,1.4,26809.500000000004,ORD10458,Normal (25-35min),1.4,Lunch
413,19.04,Clear,Medium,Morning,Scooter,27,2.0,85,4.3,45534.5,ORD10459,Very Slow (>45min),4.3,Morning
75,14.28,Windy,High,Afternoon,Scooter,23,5.0,77,4.0,16688.0,ORD10460,Very Slow (>45min),4.0,Dinner
114,16.26,Rainy,High,Morning,Bike,16,6.0,70,14.0,18219.0,ORD10461,Very Slow (>45min),14.0,Morning
599,4.25,Clear,Low,Afternoon,Bike,5,4.0,22,7.3,15081.0,ORD10462,Fast (<25min),7.3,Dinner
962,12.26,Clear,Low,Afternoon,Bike,20,2.0,66,12.2,12144.5,ORD10463,Very Slow (>45min),12.2,Dinner
105,18.2,Windy,Medium,Morning,Bike,27,1.0,108,12.4,10938.5,ORD10465,Very Slow (>45min),12.4,Morning
115,12.85,Rainy,Medium,Morning,Scooter,14,8.0,73,7.2,20518.0,ORD10466,Very Slow (>45min),7.2,Morning
526,9.64,Clear,Low,Morning,Bike,10,5.0,46,4.2,22672.5,ORD10468,Very Slow (>45min),4.2,Late Night
458,9.64,Rainy,Medium,Evening,Bike,14,6.0,52,16.1,9265.5,ORD10469,Very Slow (>45min),16.1,Lunch
410,2.28,Foggy,Medium,Morning,Scooter,27,6.0,44,1.2,23800.5,ORD10470,Slow (35-45min),1.2,Lunch
93,15.34,Rainy,Low,Afternoon,Bike,18,6.0,54,16.6,30601.0,ORD10471,Very Slow (>45min),16.6,Dinner
931,3.22,Rainy,Medium,Night,Bike,14,8.0,34,1.3,7444.0,ORD10472,Normal (25-35min),1.3,Late Night
90,9.71,Clear,Low,Morning,Bike,8,1.0,49,14.3,24320.0,ORD10473,Very Slow (>45min),14.3,Late Night
337,17.18,Clear,Medium,Night,Scooter,13,1.0,62,10.6,37267.0,ORD10474,Very Slow (>45min),10.6,Dinner
989,5.3,Clear,Medium,Afternoon,Scooter,29,3.0,47,15.4,11017.0,ORD10475,Very Slow (>45min),15.4,Lunch
922,10.0,Clear,Medium,Afternoon,Scooter,6,9.0,47,2.1,46551.5,ORD10476,Very Slow (>45min),2.1,Morning
934,10.75,Rainy,Medium,Morning,Bike,8,6.0,60,10.8,24873.0,ORD10477,Very Slow (>45min),10.8,Dinner
606,9.49,Rainy,Medium,Morning,Car,23,6.0,53,16.4,14179.0,ORD10478,Very Slow (>45min),16.4,Dinner
594,7.24,Clear,Medium,Afternoon,Bike,28,7.0,57,9.9,19616.5,ORD10479,Very Slow (>45min),9.9,Evening
612,16.09,Rainy,Low,Morning,Bike,21,8.0,66,13.0,26667.0,ORD10480,Very Slow (>45min),13.0,Late Night
95,15.53,Clear,Low,Morning,Bike,26,6.0,83,17.1,20953.0,ORD10481,Very Slow (>45min),17.1,Lunch
12,19.41,Windy,Low,Morning,Bike,11,8.0,62,9.3,26407.5,ORD10482,Very Slow (>45min),9.3,Evening
397,17.24,Clear,Low,Evening,Bike,17,5.0,69,13.4,12729.5,ORD10483,Very Slow (>45min),13.4,Morning
534,11.33,,Low,Morning,Bike,25,3.0,60,11.3,21954.0,ORD10484,Very Slow (>45min),11.3,Evening
43,1.17,Clear,Medium,Morning,Bike,16,9.0,25,1.1,19080.5,ORD10486,Fast (<25min),1.1,Morning
330,5.33,Clear,Low,Evening,Car,29,1.0,51,5.4,12837.0,ORD10487,Very Slow (>45min),5.4,Lunch
168,4.14,Rainy,Low,Morning,Bike,23,2.0,41,13.4,13964.500000000002,ORD10488,Slow (35-45min),13.4,Lunch
498,2.02,Clear,High,Evening,Bike,28,5.0,44,13.3,37424.0,ORD10489,Slow (35-45min),13.3,Dinner
877,14.46,Rainy,Medium,Morning,Scooter,11,9.0,68,10.0,34810.5,ORD10490,Very Slow (>45min),10.0,Dinner
598,3.86,Clear,Medium,Afternoon,Bike,21,8.0,34,8.0,27353.500000000004,ORD10491,Normal (25-35min),8.0,Dinner
757,12.59,Windy,Medium,Morning,Bike,13,9.0,62,6.2,11682.5,ORD10492,Very Slow (>45min),6.2,Late Night
101,1.11,Clear,High,Morning,Scooter,22,8.0,35,3.1,17220.0,ORD10493,Normal (25-35min),3.1,Lunch
427,9.11,Clear,Low,Afternoon,Bike,19,6.0,42,7.1,36996.5,ORD10494,Slow (35-45min),7.1,Lunch
179,18.77,Snowy,Medium,Evening,Bike,24,0.0,115,12.4,21652.5,ORD10495,Very Slow (>45min),12.4,Dinner
445,16.35,Foggy,Medium,Night,Bike,16,6.0,67,12.3,64324.0,ORD10496,Very Slow (>45min),12.3,Lunch
417,6.22,Clear,Low,Afternoon,Bike,16,9.0,29,1.6,24555.5,ORD10497,Normal (25-35min),1.6,Late Night
883,0.88,Rainy,Low,Night,Car,27,2.0,37,13.0,17283.0,ORD10499,Slow (35-45min),13.0,Morning
681,16.43,Clear,Low,Evening,Bike,13,5.0,56,12.6,21564.5,ORD10500,Very Slow (>45min),12.6,Late Night
178,8.04,Clear,Medium,Evening,Car,27,0.0,65,11.2,18691.0,ORD10501,Very Slow (>45min),11.2,Morning
396,18.65,Foggy,Low,Night,Car,19,2.0,68,7.2,28741.000000000004,ORD10502,Very Slow (>45min),7.2,Dinner
912,5.73,Foggy,Low,Morning,Scooter,7,2.0,30,9.5,32545.0,ORD10503,Normal (25-35min),9.5,Dinner
794,12.42,Rainy,Low,Evening,Bike,28,9.0,79,16.2,13616.5,ORD10504,Very Slow (>45min),16.2,Late Night
961,2.11,Clear,Low,Afternoon,Scooter,28,5.0,34,2.7,10367.0,ORD10505,Normal (25-35min),2.7,Morning
384,17.61,Clear,Medium,Morning,Scooter,19,3.0,80,19.3,26004.5,ORD10507,Very Slow (>45min),19.3,Dinner
957,10.62,Rainy,Medium,Night,Bike,7,2.0,48,15.0,11618.5,ORD10508,Very Slow (>45min),15.0,Late Night
752,18.83,,Medium,Night,Bike,8,0.0,68,15.2,6874.5,ORD10509,Very Slow (>45min),15.2,Dinner
258,14.07,Clear,Medium,Morning,Bike,16,9.0,73,13.8,24497.0,ORD10510,Very Slow (>45min),13.8,Dinner
539,9.29,Clear,Medium,Evening,Bike,10,9.0,40,6.3,70159.0,ORD10511,Slow (35-45min),6.3,Dinner
336,1.29,Rainy,Low,Evening,Bike,7,7.0,15,7.5,20110.5,ORD10512,Fast (<25min),7.5,Evening
16,4.08,Windy,Medium,Afternoon,Bike,7,0.0,33,10.7,30677.0,ORD10513,Normal (25-35min),10.7,Dinner
325,19.12,Windy,High,Evening,Car,8,0.0,92,2.8,21014.0,ORD10514,Very Slow (>45min),2.8,Dinner
759,17.93,Clear,Medium,Afternoon,Bike,29,4.0,85,2.2,19198.5,ORD10515,Very Slow (>45min),2.2,Late Night
223,2.33,,Low,Morning,Car,6,1.0,17,3.5,31938.5,ORD10516,Fast (<25min),3.5,Morning
180,3.18,Rainy,Medium,Evening,Bike,21,3.0,42,11.8,17446.5,ORD10517,Slow (35-45min),11.8,Lunch
984,1.97,Clear,High,Morning,Car,28,7.0,43,14.4,23057.0,ORD10518,Slow (35-45min),14.4,Late Night
23,6.2,Windy,High,Evening,Scooter,7,3.0,42,3.0,23691.5,ORD10519,Slow (35-45min),3.0,Dinner
357,1.02,Windy,High,Evening,Bike,6,8.0,21,5.8,14443.0,ORD10520,Fast (<25min),5.8,Evening
667,5.3,Clear,Low,Evening,Bike,16,5.0,32,5.1,33125.0,ORD10521,Normal (25-35min),5.1,Dinner
862,9.34,Rainy,Low,Evening,Car,10,0.0,40,13.4,18482.0,ORD10522,Slow (35-45min),13.4,Lunch
341,10.09,Clear,Medium,Evening,Bike,7,0.0,49,13.6,13824.0,ORD10523,Very Slow (>45min),13.6,Lunch
432,15.35,Rainy,High,Night,Scooter,23,9.0,80,19.7,26377.999999999996,ORD10524,Very Slow (>45min),19.7,Evening
552,17.12,Rainy,Low,Morning,Bike,26,3.0,86,12.4,12871.5,ORD10525,Very Slow (>45min),12.4,Lunch
834,3.94,Snowy,Low,Afternoon,Bike,19,3.0,43,6.6,20457.5,ORD10526,Slow (35-45min),6.6,Dinner
204,18.02,Clear,,Evening,Car,12,3.0,77,7.2,20079.5,ORD10527,Very Slow (>45min),7.2,Morning
631,14.41,Snowy,Medium,Evening,Bike,8,8.0,75,2.6,34716.5,ORD10528,Very Slow (>45min),2.6,Late Night
94,11.44,Rainy,Medium,Evening,Car,20,2.0,57,15.6,25575.0,ORD10529,Very Slow (>45min),15.6,Late Night
559,15.23,Foggy,Low,Morning,Car,6,0.0,52,13.7,19920.5,ORD10530,Very Slow (>45min),13.7,Dinner
69,1.95,Clear,Low,Morning,Scooter,16,2.0,23,9.9,30361.0,ORD10531,Fast (<25min),9.9,Dinner
623,7.72,Rainy,Medium,Morning,Bike,11,,36,12.9,40422.0,ORD10532,Slow (35-45min),12.9,Lunch
285,11.78,Clear,Low,Afternoon,Scooter,26,3.0,71,12.3,26660.000000000004,ORD10533,Very Slow (>45min),12.3,Dinner
845,3.4,Windy,Medium,Morning,Bike,11,6.0,30,9.0,20276.0,ORD10534,Normal (25-35min),9.0,Dinner
435,2.14,Clear,High,Evening,Bike,18,3.0,34,11.8,10468.5,ORD10535,Normal (25-35min),11.8,Lunch
154,10.04,Rainy,High,Afternoon,Bike,12,9.0,59,15.7,11842.5,ORD10536,Very Slow (>45min),15.7,Late Night
76,14.72,Clear,,Evening,Scooter,15,8.0,80,6.9,17316.5,ORD10537,Very Slow (>45min),6.9,Dinner
731,3.7,Clear,Medium,Morning,Bike,28,7.0,45,7.3,14872.5,ORD10538,Slow (35-45min),7.3,Late Night
447,19.73,Rainy,Low,Evening,Bike,8,8.0,64,3.6,18371.0,ORD10539,Very Slow (>45min),3.6,Dinner
189,10.83,Clear,Medium,Evening,Scooter,8,9.0,51,15.7,20751.0,ORD10540,Very Slow (>45min),15.7,Dinner
272,16.3,Foggy,Low,Morning,Car,12,1.0,100,17.6,26288.0,ORD10541,Very Slow (>45min),17.6,Evening
237,5.98,Foggy,High,Morning,Bike,14,6.0,44,4.1,19473.0,ORD10542,Slow (35-45min),4.1,Late Night
488,5.98,Rainy,High,Morning,Bike,21,2.0,60,12.8,25726.5,ORD10543,Very Slow (>45min),12.8,Dinner
118,4.14,Foggy,Medium,Morning,Bike,21,0.0,46,9.8,20832.5,ORD10544,Very Slow (>45min),9.8,Morning
944,16.68,,Medium,Afternoon,Bike,9,9.0,63,7.7,7512.0,ORD10545,Very Slow (>45min),7.7,Morning
513,18.69,Windy,Medium,Night,Bike,23,9.0,74,3.8,12611.5,ORD10546,Very Slow (>45min),3.8,Lunch
826,18.44,Rainy,High,Morning,Bike,27,7.0,80,16.1,18769.5,ORD10547,Very Slow (>45min),16.1,Dinner
592,13.0,Windy,High,Morning,Bike,22,8.0,65,10.9,11017.0,ORD10548,Very Slow (>45min),10.9,Late Night
127,16.45,,Medium,Evening,Scooter,25,3.0,87,19.5,27227.499999999996,ORD10549,Very Slow (>45min),19.5,Lunch
117,16.17,Clear,Medium,Evening,Car,10,2.0,116,17.4,43364.5,ORD10550,Very Slow (>45min),17.4,Dinner
694,5.23,Clear,Medium,Morning,Scooter,19,4.0,37,7.6,18129.5,ORD10552,Slow (35-45min),7.6,Lunch
58,4.32,,Medium,Morning,Bike,17,4.0,36,7.6,42505.5,ORD10553,Slow (35-45min),7.6,Late Night
864,9.09,Rainy,Medium,Morning,Bike,6,7.0,43,12.9,21728.0,ORD10554,Slow (35-45min),12.9,Dinner
913,12.67,Windy,Medium,Morning,Scooter,7,3.0,43,6.4,17042.5,ORD10555,Slow (35-45min),6.4,Dinner
370,1.85,Clear,Medium,Evening,Bike,10,1.0,24,1.9,14843.5,ORD10556,Fast (<25min),1.9,Evening
269,7.51,Rainy,Low,Evening,Car,27,6.0,50,1.5,17340.5,ORD10557,Very Slow (>45min),1.5,Evening
47,6.58,Clear,Low,Afternoon,Bike,13,1.0,34,9.6,16613.0,ORD10558,Normal (25-35min),9.6,Lunch
350,12.7,Clear,Low,Morning,Scooter,22,2.0,57,11.5,21965.5,ORD10559,Very Slow (>45min),11.5,Morning
196,7.31,Foggy,Medium,Afternoon,Bike,26,2.0,65,14.2,21857.5,ORD10560,Very Slow (>45min),14.2,Dinner
1000,9.2,Clear,High,Morning,Scooter,9,9.0,48,4.2,20202.0,ORD10561,Very Slow (>45min),4.2,Dinner
835,10.22,Foggy,Low,Afternoon,Scooter,21,0.0,61,3.6,25096.5,ORD10562,Very Slow (>45min),3.6,Late Night
737,8.15,Clear,High,Evening,Scooter,12,9.0,43,1.2,36583.5,ORD10563,Slow (35-45min),1.2,Late Night
264,10.61,Clear,Medium,Morning,Bike,17,0.0,59,7.2,32428.500000000004,ORD10564,Very Slow (>45min),7.2,Dinner
444,7.73,Clear,High,Night,Bike,29,5.0,58,11.1,9600.5,ORD10565,Very Slow (>45min),11.1,Dinner
676,19.66,Clear,Low,Morning,Car,19,6.0,70,9.0,5625.5,ORD10566,Very Slow (>45min),9.0,Late Night
305,14.66,Snowy,High,Morning,Car,5,6.0,71,10.0,32182.5,ORD10567,Very Slow (>45min),10.0,Dinner
342,9.73,Clear,Low,Afternoon,Bike,29,6.0,60,16.8,10184.0,ORD10568,Very Slow (>45min),16.8,Lunch
967,14.52,Clear,Medium,Afternoon,Car,26,5.0,86,9.6,18027.5,ORD10569,Very Slow (>45min),9.6,Evening
150,5.93,Foggy,High,,Scooter,27,1.0,106,16.0,11237.0,ORD10570,Very Slow (>45min),16.0,Lunch
125,4.94,Rainy,High,Evening,Scooter,28,4.0,63,15.3,8193.0,ORD10571,Very Slow (>45min),15.3,Late Night
787,11.88,Rainy,High,Afternoon,Car,29,9.0,78,9.9,26443.0,ORD10572,Very Slow (>45min),9.9,Dinner
51,19.41,Foggy,Medium,Morning,Car,7,6.0,66,12.9,29483.999999999996,ORD10573,Very Slow (>45min),12.9,Lunch
354,3.68,,High,Afternoon,Car,16,6.0,47,13.5,15119.999999999998,ORD10574,Very Slow (>45min),13.5,Dinner
928,11.06,Clear,High,Evening,Bike,6,9.0,53,16.1,5522.0,ORD10575,Very Slow (>45min),16.1,Dinner
143,10.2,Rainy,Medium,Afternoon,Bike,18,9.0,56,3.6,15350.5,ORD10576,Very Slow (>45min),3.6,Lunch
471,0.74,Rainy,Low,Morning,Car,13,4.0,21,8.8,24536.5,ORD10577,Fast (<25min),8.8,Lunch
400,15.21,Snowy,Medium,Afternoon,Bike,20,9.0,90,13.4,9629.5,ORD10578,Very Slow (>45min),13.4,Dinner
626,7.69,Rainy,High,Morning,Scooter,16,3.0,58,5.5,22108.0,ORD10579,Very Slow (>45min),5.5,Dinner
321,11.21,Clear,High,Afternoon,Scooter,23,1.0,76,11.0,20017.5,ORD10580,Very Slow (>45min),11.0,Dinner
20,6.18,Clear,Medium,Evening,Bike,9,9.0,35,12.4,26948.0,ORD10581,Normal (25-35min),12.4,Dinner
810,2.71,Clear,Medium,Morning,Car,6,5.0,19,4.7,21414.5,ORD10582,Fast (<25min),4.7,Dinner
791,3.49,Clear,Medium,Morning,Bike,17,2.0,38,5.0,12400.5,ORD10583,Slow (35-45min),5.0,Dinner
809,9.29,Clear,Medium,Morning,Bike,17,2.0,49,10.5,36692.0,ORD10584,Very Slow (>45min),10.5,Dinner
408,0.71,Foggy,Low,Night,Bike,29,1.0,41,4.1,18634.5,ORD10585,Slow (35-45min),4.1,Dinner
538,5.32,Rainy,Low,Afternoon,Scooter,27,2.0,48,2.2,19898.0,ORD10586,Very Slow (>45min),2.2,Evening
621,4.1,Clear,Medium,Evening,Car,18,3.0,38,2.5,12649.5,ORD10587,Slow (35-45min),2.5,Lunch
39,13.84,Clear,Low,Morning,Scooter,18,,64,3.6,16161.5,ORD10588,Very Slow (>45min),3.6,Morning
176,3.9,Rainy,High,Morning,Car,25,9.0,54,3.6,12960.0,ORD10589,Very Slow (>45min),3.6,Dinner
246,18.6,Rainy,Medium,Morning,Car,28,9.0,77,4.4,18500.5,ORD10590,Very Slow (>45min),4.4,Dinner
829,14.88,Snowy,Medium,Evening,Bike,10,0.0,64,12.9,47471.0,ORD10591,Very Slow (>45min),12.9,Dinner
668,3.63,Windy,Medium,Morning,Car,22,9.0,39,3.2,10158.5,ORD10592,Slow (35-45min),3.2,Lunch
755,3.22,Windy,High,Morning,Car,7,7.0,27,4.2,9002.5,ORD10593,Normal (25-35min),4.2,Lunch
859,11.51,Foggy,Low,Afternoon,Car,5,7.0,57,16.1,42092.0,ORD10594,Very Slow (>45min),16.1,Morning
155,19.72,Rainy,Low,Afternoon,Bike,27,6.0,109,15.2,18167.0,ORD10595,Very Slow (>45min),15.2,Lunch
288,11.08,Clear,Low,Evening,Scooter,28,2.0,58,12.4,14436.000000000002,ORD10596,Very Slow (>45min),12.4,Dinner
603,3.95,Clear,Medium,Morning,Car,28,5.0,47,3.5,33927.5,ORD10597,Very Slow (>45min),3.5,Lunch
570,7.29,Clear,High,Evening,Car,11,7.0,48,3.9,14901.499999999998,ORD10598,Very Slow (>45min),3.9,Evening
744,10.3,Clear,Low,Morning,Car,12,7.0,41,1.5,50263.0,ORD10599,Slow (35-45min),1.5,Late Night
18,10.73,Rainy,High,Afternoon,Car,27,6.0,83,5.4,28310.5,ORD10600,Very Slow (>45min),5.4,Lunch
128,17.28,Clear,Low,Morning,Car,28,3.0,72,7.0,15805.000000000002,ORD10601,Very Slow (>45min),7.0,Dinner
323,13.37,Foggy,Medium,Evening,Scooter,16,9.0,71,4.9,59318.49999999999,ORD10602,Very Slow (>45min),4.9,Dinner
256,11.36,Clear,Medium,Morning,Scooter,8,2.0,52,2.5,14900.5,ORD10603,Very Slow (>45min),2.5,Lunch
658,7.58,Clear,High,Afternoon,Scooter,19,9.0,57,3.2,29233.499999999996,ORD10604,Very Slow (>45min),3.2,Dinner
965,6.13,Rainy,High,,Bike,25,6.0,59,9.1,23427.5,ORD10605,Very Slow (>45min),9.1,Dinner
191,2.32,Clear,Low,Afternoon,Scooter,23,1.0,32,3.1,38673.0,ORD10606,Normal (25-35min),3.1,Late Night
116,17.49,Rainy,Low,Evening,Bike,27,9.0,97,11.0,44036.5,ORD10607,Very Slow (>45min),11.0,Lunch
617,1.69,Windy,,Afternoon,Car,11,7.0,20,4.9,20497.0,ORD10608,Fast (<25min),4.9,Late Night
607,4.52,,Low,Evening,Car,17,0.0,71,15.0,13840.0,ORD10609,Very Slow (>45min),15.0,Evening
181,7.15,Windy,Low,Morning,Bike,15,3.0,42,1.5,25387.5,ORD10610,Slow (35-45min),1.5,Lunch
302,10.86,Windy,Medium,,Car,10,4.0,60,15.0,14374.0,ORD10611,Very Slow (>45min),15.0,Evening
760,15.88,Rainy,Low,Evening,Car,17,1.0,68,13.3,55200.0,ORD10612,Very Slow (>45min),13.3,Late Night
713,9.7,Snowy,Low,Evening,Bike,6,,45,2.1,21596.5,ORD10613,Slow (35-45min),2.1,Evening
724,14.95,Clear,Medium,Morning,Bike,13,7.0,49,14.1,16804.0,ORD10614,Very Slow (>45min),14.1,Lunch
686,11.36,Foggy,Low,Afternoon,Bike,6,4.0,47,14.3,22123.0,ORD10615,Very Slow (>45min),14.3,Dinner
980,12.14,Foggy,High,Afternoon,Bike,12,0.0,65,2.4,10285.0,ORD10616,Very Slow (>45min),2.4,Lunch
518,16.31,Foggy,Medium,Afternoon,Car,14,7.0,71,6.8,12409.5,ORD10617,Very Slow (>45min),6.8,Morning
985,14.7,Clear,Medium,Evening,Scooter,24,5.0,75,18.0,36762.5,ORD10618,Very Slow (>45min),18.0,Lunch
910,7.9,Clear,Low,Afternoon,Scooter,22,,48,3.8,11951.0,ORD10620,Very Slow (>45min),3.8,Lunch
158,15.35,Foggy,Low,Morning,Car,5,3.0,56,4.6,26379.5,ORD10621,Very Slow (>45min),4.6,Lunch
852,15.12,Foggy,Low,Morning,Bike,14,1.0,58,7.4,36493.0,ORD10622,Very Slow (>45min),7.4,Lunch
172,0.82,Windy,Low,Morning,Car,18,9.0,23,5.1,28897.000000000004,ORD10623,Fast (<25min),5.1,Dinner
17,6.43,Clear,Low,Evening,Car,9,7.0,26,6.8,33191.5,ORD10624,Normal (25-35min),6.8,Lunch
512,8.66,Snowy,High,Morning,Bike,29,3.0,77,9.2,13816.5,ORD10625,Very Slow (>45min),9.2,Lunch
49,11.16,Foggy,Medium,Afternoon,Car,21,4.0,77,11.2,9908.0,ORD10626,Very Slow (>45min),11.2,Dinner
972,18.77,Foggy,Low,Afternoon,Car,15,,71,16.1,42731.5,ORD10627,Very Slow (>45min),16.1,Evening
941,5.84,Clear,,Evening,Bike,21,7.0,35,1.3,17166.0,ORD10628,Normal (25-35min),1.3,Dinner
516,1.01,Clear,High,Night,Bike,17,7.0,29,3.4,17794.0,ORD10629,Normal (25-35min),3.4,Lunch
953,3.92,Rainy,Medium,Night,Bike,20,9.0,41,10.3,39188.0,ORD10630,Slow (35-45min),10.3,Lunch
481,12.77,Foggy,Low,Morning,Bike,22,8.0,71,19.0,26639.0,ORD10631,Very Slow (>45min),19.0,Morning
284,2.33,Clear,Low,Evening,Bike,9,2.0,18,4.7,25335.5,ORD10632,Fast (<25min),4.7,Lunch
719,2.92,Windy,High,Afternoon,Bike,24,4.0,48,8.8,59547.0,ORD10633,Very Slow (>45min),8.8,Lunch
878,13.35,Rainy,Low,Evening,Scooter,14,4.0,91,4.3,14621.5,ORD10634,Very Slow (>45min),4.3,Lunch
226,5.26,Rainy,Medium,Evening,Scooter,28,8.0,51,7.9,32078.500000000004,ORD10635,Very Slow (>45min),7.9,Morning
27,4.39,Foggy,Medium,Night,Bike,12,8.0,38,7.5,20754.5,ORD10636,Slow (35-45min),7.5,Lunch
955,8.67,Windy,High,Morning,Bike,20,4.0,55,5.1,23070.5,ORD10637,Very Slow (>45min),5.1,Evening
438,16.53,Snowy,Low,Afternoon,Scooter,24,9.0,99,8.8,43315.0,ORD10638,Very Slow (>45min),8.8,Lunch
952,13.47,Clear,Medium,Evening,Bike,19,4.0,59,7.7,26002.499999999996,ORD10639,Very Slow (>45min),7.7,Lunch
365,18.86,Snowy,Medium,Night,Bike,18,1.0,89,2.2,26401.5,ORD10640,Very Slow (>45min),2.2,Dinner
230,12.81,Clear,Low,Morning,Bike,12,2.0,51,6.0,34485.0,ORD10641,Very Slow (>45min),6.0,Dinner
38,2.4,Snowy,Low,Night,Scooter,27,5.0,42,3.8,16807.0,ORD10642,Slow (35-45min),3.8,Morning
966,7.44,Rainy,Medium,Evening,Bike,6,1.0,39,5.1,13259.0,ORD10643,Slow (35-45min),5.1,Dinner
375,1.89,Clear,Medium,Evening,Scooter,13,7.0,22,1.7,11963.5,ORD10644,Fast (<25min),1.7,Dinner
968,6.29,,Medium,Morning,Scooter,10,7.0,27,6.7,56394.50000000001,ORD10646,Normal (25-35min),6.7,Morning
851,1.81,Clear,Medium,Afternoon,Car,23,3.0,34,8.7,11619.5,ORD10647,Normal (25-35min),8.7,Dinner
705,1.74,Clear,Medium,Night,Bike,23,2.0,34,10.0,18059.0,ORD10648,Normal (25-35min),10.0,Late Night
842,13.44,Clear,Medium,Morning,Car,22,1.0,79,12.2,17564.0,ORD10649,Very Slow (>45min),12.2,Morning
195,7.11,Clear,Low,Afternoon,Scooter,27,,48,2.3,23523.0,ORD10650,Very Slow (>45min),2.3,Lunch
855,4.5,Windy,Low,Evening,Scooter,20,6.0,32,6.8,30330.0,ORD10651,Normal (25-35min),6.8,Dinner
865,8.31,Windy,Medium,Morning,Bike,6,5.0,44,9.1,31016.000000000004,ORD10652,Slow (35-45min),9.1,Dinner
970,9.78,Clear,Medium,Afternoon,Bike,18,3.0,58,8.5,18554.5,ORD10654,Very Slow (>45min),8.5,Lunch
831,4.88,Windy,Medium,Afternoon,Scooter,26,7.0,48,2.9,23232.5,ORD10655,Very Slow (>45min),2.9,Lunch
580,5.54,Rainy,Medium,,Scooter,28,9.0,51,5.4,17813.0,ORD10656,Very Slow (>45min),5.4,Lunch
969,11.54,Clear,High,Afternoon,Car,10,0.0,56,7.1,45057.5,ORD10657,Very Slow (>45min),7.1,Evening
163,12.85,Clear,Low,Afternoon,Scooter,5,,54,11.4,25783.999999999996,ORD10658,Very Slow (>45min),11.4,Dinner
909,5.56,Clear,Low,Afternoon,Scooter,19,5.0,31,7.0,29127.999999999996,ORD10659,Normal (25-35min),7.0,Lunch
153,3.33,,Medium,Evening,Scooter,24,2.0,44,5.9,28098.5,ORD10660,Slow (35-45min),5.9,Evening
802,3.47,Snowy,High,Night,Bike,24,9.0,53,16.7,36270.5,ORD10661,Very Slow (>45min),16.7,Dinner
994,12.01,Clear,Low,Morning,Scooter,26,6.0,57,11.3,22082.5,ORD10662,Very Slow (>45min),11.3,Morning
756,15.98,Foggy,Low,Morning,Car,21,6.0,90,7.3,10547.0,ORD10663,Very Slow (>45min),7.3,Lunch
112,3.64,Clear,Low,Morning,Scooter,16,3.0,26,1.7,24633.5,ORD10664,Normal (25-35min),1.7,Dinner
227,19.47,Clear,Low,Morning,Bike,16,8.0,83,5.0,14564.500000000002,ORD10665,Very Slow (>45min),5.0,Dinner
689,15.51,Rainy,Medium,Morning,Scooter,10,8.0,81,6.9,15486.5,ORD10666,Very Slow (>45min),6.9,Dinner
104,10.42,Windy,Medium,Afternoon,Bike,28,3.0,72,4.6,27043.5,ORD10667,Very Slow (>45min),4.6,Dinner
422,15.9,Rainy,Low,Evening,Car,19,5.0,78,5.5,37465.0,ORD10668,Very Slow (>45min),5.5,Lunch
420,15.17,Windy,Low,Morning,Bike,25,4.0,77,7.5,20387.0,ORD10669,Very Slow (>45min),7.5,Evening
751,2.78,Rainy,Low,,Bike,21,4.0,37,3.0,23539.5,ORD10670,Slow (35-45min),3.0,Dinner
587,1.98,Rainy,Low,Afternoon,Bike,22,0.0,39,12.3,47246.5,ORD10671,Slow (35-45min),12.3,Lunch
781,14.03,Clear,Low,Afternoon,Bike,17,2.0,65,2.8,22752.0,ORD10672,Very Slow (>45min),2.8,Lunch
673,2.06,Foggy,Medium,Evening,Scooter,22,4.0,40,7.7,74077.5,ORD10673,Slow (35-45min),7.7,Lunch
120,11.02,Clear,High,Morning,Scooter,22,2.0,70,9.4,26763.0,ORD10674,Very Slow (>45min),9.4,Morning
152,5.17,Foggy,Low,Morning,Bike,29,0.0,56,3.0,29398.5,ORD10676,Very Slow (>45min),3.0,Lunch
404,16.62,Snowy,Low,Afternoon,Bike,26,8.0,94,11.6,24406.5,ORD10677,Very Slow (>45min),11.6,Lunch
946,0.71,Rainy,Low,Morning,Car,25,8.0,31,11.4,38441.5,ORD10678,Normal (25-35min),11.4,Lunch
208,13.44,Clear,,Evening,Scooter,9,5.0,55,15.2,28243.5,ORD10679,Very Slow (>45min),15.2,Lunch
659,13.1,Clear,Low,Evening,Bike,28,2.0,72,17.7,18822.5,ORD10680,Very Slow (>45min),17.7,Dinner
844,19.24,Rainy,High,Afternoon,Bike,9,7.0,75,6.8,10936.5,ORD10681,Very Slow (>45min),6.8,Dinner
763,5.35,Clear,Medium,Afternoon,Scooter,24,6.0,43,3.3,18169.5,ORD10682,Slow (35-45min),3.3,Dinner
9,12.22,Clear,Low,Evening,Scooter,15,0.0,56,12.1,13184.0,ORD10683,Very Slow (>45min),12.1,Dinner
808,18.55,Clear,Low,Afternoon,Car,11,9.0,69,19.2,15089.500000000002,ORD10684,Very Slow (>45min),19.2,Evening
37,6.44,Clear,Low,Afternoon,Car,18,2.0,43,8.5,27073.5,ORD10685,Slow (35-45min),8.5,Morning
453,8.77,Foggy,Medium,Evening,Car,14,7.0,49,9.6,46489.0,ORD10686,Very Slow (>45min),9.6,Dinner
652,10.97,Clear,Low,Afternoon,Scooter,27,3.0,51,5.4,24572.0,ORD10687,Very Slow (>45min),5.4,Dinner
254,6.68,Clear,High,Morning,Scooter,10,5.0,44,11.6,11093.0,ORD10688,Slow (35-45min),11.6,Dinner
304,12.93,Rainy,Low,Afternoon,Scooter,25,0.0,61,4.5,25193.0,ORD10689,Very Slow (>45min),4.5,Evening
747,7.99,Clear,Medium,Evening,Bike,18,4.0,42,5.3,36693.0,ORD10690,Slow (35-45min),5.3,Lunch
572,15.78,Clear,High,Afternoon,Scooter,12,1.0,68,9.4,14870.500000000002,ORD10691,Very Slow (>45min),9.4,Lunch
624,9.95,Windy,High,Evening,Scooter,21,5.0,72,11.5,18864.0,ORD10692,Very Slow (>45min),11.5,Lunch
733,13.47,Rainy,Low,Afternoon,Scooter,7,6.0,46,4.5,20320.0,ORD10693,Very Slow (>45min),4.5,Dinner
892,17.19,Clear,Medium,Afternoon,Bike,11,8.0,76,3.9,13624.0,ORD10694,Very Slow (>45min),3.9,Dinner
263,3.23,Clear,High,Afternoon,Bike,17,9.0,33,7.8,27894.0,ORD10695,Normal (25-35min),7.8,Lunch
611,1.27,Foggy,High,Afternoon,Bike,25,9.0,46,5.1,18987.5,ORD10696,Very Slow (>45min),5.1,Late Night
298,4.71,Clear,Low,Morning,Bike,20,6.0,31,7.1,24879.0,ORD10697,Normal (25-35min),7.1,Dinner
415,12.82,Rainy,Medium,Evening,Bike,28,9.0,72,4.5,12942.500000000002,ORD10698,Very Slow (>45min),4.5,Lunch
151,18.21,,Low,Evening,Bike,6,3.0,74,11.2,16208.5,ORD10699,Very Slow (>45min),11.2,Lunch
789,9.51,Clear,High,Morning,Bike,26,9.0,63,10.8,28947.000000000004,ORD10700,Very Slow (>45min),10.8,Lunch
641,0.89,Rainy,Low,Morning,Car,9,0.0,20,1.1,16741.0,ORD10701,Fast (<25min),1.1,Lunch
890,5.24,Windy,High,Afternoon,Scooter,26,8.0,51,6.2,47834.5,ORD10702,Very Slow (>45min),6.2,Lunch
551,10.64,Windy,Low,Evening,Car,11,9.0,36,2.5,16518.0,ORD10703,Slow (35-45min),2.5,Lunch
887,13.23,Clear,Medium,Night,Bike,20,8.0,70,2.6,22569.5,ORD10704,Very Slow (>45min),2.6,Lunch
489,19.03,Clear,Medium,Morning,Scooter,8,8.0,65,19.5,32155.0,ORD10705,Very Slow (>45min),19.5,Lunch
148,10.3,Rainy,Low,Evening,Bike,29,0.0,73,7.9,9925.5,ORD10706,Very Slow (>45min),7.9,Dinner
147,12.39,Snowy,Medium,Evening,Bike,14,8.0,56,14.4,8363.5,ORD10707,Very Slow (>45min),14.4,Morning
721,18.8,Clear,High,Afternoon,Bike,23,7.0,95,8.1,9407.0,ORD10708,Very Slow (>45min),8.1,Dinner
932,16.78,Rainy,Medium,Morning,Bike,22,1.0,70,14.6,37923.0,ORD10709,Very Slow (>45min),14.6,Evening
740,7.85,Clear,Low,Afternoon,Scooter,7,9.0,34,9.7,15307.499999999998,ORD10710,Normal (25-35min),9.7,Late Night
660,11.63,Clear,Medium,Night,Scooter,29,7.0,57,11.1,72484.0,ORD10711,Very Slow (>45min),11.1,Lunch
349,7.8,Windy,Medium,Afternoon,Car,17,6.0,44,7.5,15213.0,ORD10712,Slow (35-45min),7.5,Lunch
464,11.88,Rainy,Medium,Afternoon,Bike,5,1.0,63,8.7,22121.5,ORD10713,Very Slow (>45min),8.7,Late Night
326,14.89,Clear,High,Evening,Car,22,9.0,88,9.8,43611.5,ORD10714,Very Slow (>45min),9.8,Dinner
124,2.65,,Medium,Afternoon,Car,14,4.0,35,10.7,56544.00000000001,ORD10716,Normal (25-35min),10.7,Dinner
609,10.32,Clear,Medium,Night,Car,24,5.0,49,2.9,33659.5,ORD10718,Very Slow (>45min),2.9,Lunch
144,6.37,Rainy,Low,Afternoon,Car,29,4.0,56,13.2,27127.0,ORD10719,Very Slow (>45min),13.2,Lunch
959,3.74,Rainy,Low,Morning,Bike,19,6.0,36,12.2,29768.5,ORD10720,Slow (35-45min),12.2,Dinner
198,17.99,Windy,High,Evening,Bike,5,1.0,73,5.1,15312.5,ORD10721,Very Slow (>45min),5.1,Late Night
610,13.96,Rainy,Low,Night,Bike,5,1.0,42,1.8,13399.0,ORD10722,Slow (35-45min),1.8,Dinner
280,16.02,Clear,Low,Evening,Bike,20,7.0,61,14.2,20137.5,ORD10723,Very Slow (>45min),14.2,Dinner
294,7.52,,Medium,Afternoon,Car,17,9.0,44,8.9,18526.0,ORD10724,Slow (35-45min),8.9,Lunch
401,2.51,Clear,Low,Morning,Bike,16,2.0,28,9.4,16081.0,ORD10725,Normal (25-35min),9.4,Dinner
123,6.7,Foggy,High,Morning,Scooter,23,3.0,59,3.6,28573.0,ORD10726,Very Slow (>45min),3.6,Lunch
184,17.61,Windy,Low,Morning,Bike,5,8.0,61,15.2,32522.000000000004,ORD10727,Very Slow (>45min),15.2,Lunch
203,3.65,Clear,Medium,Morning,Bike,29,9.0,46,3.9,21083.0,ORD10728,Very Slow (>45min),3.9,Evening
439,14.27,Clear,Medium,Night,Car,24,3.0,77,4.9,42226.0,ORD10729,Very Slow (>45min),4.9,Dinner
247,8.85,Clear,Low,Afternoon,Bike,11,9.0,45,3.3,11398.0,ORD10730,Slow (35-45min),3.3,Lunch
416,9.24,Windy,,Afternoon,Bike,8,2.0,49,13.2,18310.0,ORD10731,Very Slow (>45min),13.2,Lunch
933,19.7,Rainy,Low,Evening,Car,16,6.0,66,13.7,14095.500000000002,ORD10732,Very Slow (>45min),13.7,Dinner
766,11.61,Clear,High,Morning,Car,19,1.0,67,11.2,7932.5,ORD10733,Very Slow (>45min),11.2,Lunch
907,16.44,Windy,High,Afternoon,Car,8,0.0,80,9.3,19354.5,ORD10734,Very Slow (>45min),9.3,Dinner
888,5.14,Clear,Medium,Evening,Scooter,23,7.0,43,6.3,42991.0,ORD10736,Slow (35-45min),6.3,Lunch
130,10.46,Clear,,Evening,Bike,25,3.0,68,16.9,27651.5,ORD10737,Very Slow (>45min),16.9,Evening
638,5.23,Clear,Medium,Morning,Scooter,23,2.0,47,7.4,12087.5,ORD10738,Very Slow (>45min),7.4,Dinner
403,10.35,Clear,Medium,Night,Bike,7,9.0,48,6.6,50974.0,ORD10739,Very Slow (>45min),6.6,Morning
785,4.04,Rainy,High,Evening,Bike,14,6.0,39,6.8,37143.5,ORD10740,Slow (35-45min),6.8,Lunch
771,2.66,Clear,Low,Afternoon,Bike,16,8.0,21,3.3,26986.0,ORD10741,Fast (<25min),3.3,Lunch
736,17.61,Foggy,Medium,Afternoon,Bike,9,5.0,74,16.6,18012.0,ORD10742,Very Slow (>45min),16.6,Morning
914,8.48,Clear,High,Night,Bike,11,5.0,39,7.3,12485.5,ORD10743,Slow (35-45min),7.3,Late Night
220,17.06,Clear,Low,Evening,Bike,9,9.0,66,5.6,16746.0,ORD10744,Very Slow (>45min),5.6,Lunch
642,6.78,Foggy,Low,Night,Bike,18,6.0,42,13.0,34766.0,ORD10745,Slow (35-45min),13.0,Dinner
916,9.0,Snowy,Medium,Afternoon,Car,29,3.0,78,9.6,51757.00000000001,ORD10746,Very Slow (>45min),9.6,Lunch
753,12.74,Clear,Low,Afternoon,Scooter,12,0.0,63,11.0,43636.5,ORD10747,Very Slow (>45min),11.0,Dinner
920,3.23,Clear,Low,,Bike,7,7.0,14,5.0,11524.5,ORD10749,Fast (<25min),5.0,Dinner
625,12.56,Clear,Low,Morning,Car,22,8.0,49,2.8,21643.5,ORD10750,Very Slow (>45min),2.8,Dinner
875,1.0,Snowy,Medium,Morning,Bike,28,0.0,51,15.5,8331.5,ORD10751,Very Slow (>45min),15.5,Evening
761,3.46,Clear,Low,Morning,Bike,24,6.0,37,8.6,23709.0,ORD10752,Slow (35-45min),8.6,Evening
387,6.0,Snowy,Low,Morning,Car,20,8.0,53,6.4,18736.5,ORD10753,Very Slow (>45min),6.4,Lunch
973,14.79,Clear,Medium,Morning,Scooter,12,9.0,64,3.8,15978.5,ORD10754,Very Slow (>45min),3.8,Late Night
268,14.2,Clear,Medium,Afternoon,Bike,17,1.0,73,13.9,26077.499999999996,ORD10756,Very Slow (>45min),13.9,Dinner
820,7.04,Clear,Low,Afternoon,Bike,11,8.0,38,7.5,15455.000000000002,ORD10757,Slow (35-45min),7.5,Late Night
497,11.88,Rainy,Medium,Evening,Bike,20,8.0,69,16.5,4797.5,ORD10759,Very Slow (>45min),16.5,Lunch
113,18.63,Clear,Low,Evening,Bike,26,8.0,75,4.6,19896.0,ORD10760,Very Slow (>45min),4.6,Dinner
692,8.8,Rainy,Medium,Afternoon,Bike,6,2.0,38,4.8,48930.0,ORD10761,Slow (35-45min),4.8,Late Night
233,11.75,Clear,High,Morning,Bike,9,2.0,55,5.2,46288.5,ORD10762,Very Slow (>45min),5.2,Lunch
870,18.95,Snowy,Low,Morning,Car,27,0.0,92,19.8,16050.0,ORD10763,Very Slow (>45min),19.8,Morning
608,7.6,Foggy,Low,Morning,Bike,16,4.0,48,1.5,14927.000000000002,ORD10764,Very Slow (>45min),1.5,Dinner
672,17.99,Foggy,Low,Morning,Car,11,2.0,84,14.4,25499.5,ORD10765,Very Slow (>45min),14.4,Dinner
374,13.82,Clear,Medium,Evening,Bike,21,9.0,72,16.6,12244.5,ORD10766,Very Slow (>45min),16.6,Dinner
982,15.53,Foggy,Low,Evening,Bike,26,7.0,68,18.0,23457.0,ORD10767,Very Slow (>45min),18.0,Lunch
843,3.97,Clear,High,Afternoon,Bike,19,8.0,40,5.3,29586.0,ORD10768,Slow (35-45min),5.3,Dinner
234,10.1,Clear,High,Morning,Car,17,6.0,55,14.4,37253.0,ORD10769,Very Slow (>45min),14.4,Lunch
786,18.21,Foggy,Low,Morning,Bike,5,1.0,70,3.5,19186.0,ORD10770,Very Slow (>45min),3.5,Lunch
677,2.68,Clear,Low,Morning,Bike,16,8.0,25,8.9,18218.5,ORD10771,Fast (<25min),8.9,Lunch
318,3.88,Snowy,Low,Morning,Bike,9,6.0,33,2.3,13004.499999999998,ORD10772,Normal (25-35min),2.3,Dinner
649,15.89,Snowy,Medium,Afternoon,Car,15,9.0,91,11.3,13341.0,ORD10773,Very Slow (>45min),11.3,Dinner
411,6.73,Clear,Medium,Afternoon,Bike,21,1.0,54,13.9,18012.0,ORD10774,Very Slow (>45min),13.9,Dinner
899,0.75,Clear,Medium,Afternoon,Bike,10,5.0,16,1.7,24238.5,ORD10775,Fast (<25min),1.7,Lunch
710,13.79,Rainy,Low,Night,Scooter,11,0.0,69,5.8,31850.5,ORD10776,Very Slow (>45min),5.8,Dinner
359,18.83,Clear,Medium,Evening,Scooter,5,8.0,69,15.3,13500.0,ORD10777,Very Slow (>45min),15.3,Lunch
259,11.62,Clear,Low,Afternoon,Bike,9,8.0,33,9.0,42547.0,ORD10778,Normal (25-35min),9.0,Dinner
745,5.03,Clear,Medium,Morning,Bike,17,,38,8.9,17614.0,ORD10779,Slow (35-45min),8.9,Evening
628,15.08,Rainy,Medium,Evening,Scooter,26,1.0,94,18.9,19957.0,ORD10780,Very Slow (>45min),18.9,Lunch
633,10.48,Rainy,Low,Afternoon,Car,10,7.0,45,8.6,13883.000000000002,ORD10781,Slow (35-45min),8.6,Evening
283,7.82,Rainy,Medium,Evening,Bike,16,8.0,45,4.5,6002.5,ORD10782,Slow (35-45min),4.5,Lunch
377,16.98,Clear,Low,,Bike,11,6.0,78,8.8,31383.999999999996,ORD10783,Very Slow (>45min),8.8,Dinner
225,5.67,Clear,Low,Morning,Scooter,11,9.0,27,9.9,17524.5,ORD10785,Normal (25-35min),9.9,Dinner
954,18.33,Snowy,Medium,Morning,Scooter,5,5.0,67,12.3,20858.5,ORD10786,Very Slow (>45min),12.3,Lunch
815,17.46,Clear,Medium,Morning,Scooter,6,,62,8.4,26108.0,ORD10787,Very Slow (>45min),8.4,Dinner
473,1.34,Foggy,High,Evening,Bike,9,5.0,30,5.7,9235.0,ORD10788,Normal (25-35min),5.7,Lunch
348,1.38,Clear,Low,Morning,Scooter,13,9.0,17,8.1,15483.000000000002,ORD10789,Fast (<25min),8.1,Dinner
506,3.67,Clear,Low,,Bike,9,0.0,26,2.2,30006.0,ORD10790,Normal (25-35min),2.2,Late Night
640,7.86,Windy,Medium,Morning,Car,22,2.0,55,10.6,10774.0,ORD10791,Very Slow (>45min),10.6,Dinner
988,8.98,Clear,Medium,Afternoon,Scooter,22,8.0,105,15.6,23360.5,ORD10792,Very Slow (>45min),15.6,Lunch
929,12.85,Rainy,Medium,Evening,Scooter,6,7.0,61,11.9,10236.5,ORD10793,Very Slow (>45min),11.9,Late Night
906,17.91,Clear,Low,Afternoon,Bike,6,7.0,68,1.7,25469.5,ORD10794,Very Slow (>45min),1.7,Dinner
620,15.09,Snowy,Low,Morning,Car,20,7.0,68,17.9,19815.0,ORD10795,Very Slow (>45min),17.9,Lunch
856,4.22,Clear,Medium,Morning,Bike,16,7.0,35,11.9,8995.5,ORD10796,Normal (25-35min),11.9,Lunch
804,12.33,Clear,High,Night,Bike,7,2.0,101,16.7,36112.5,ORD10797,Very Slow (>45min),16.7,Dinner
646,17.87,Snowy,Low,Morning,Scooter,29,4.0,87,17.8,13971.0,ORD10798,Very Slow (>45min),17.8,Dinner
847,2.16,Clear,Medium,Night,Car,10,1.0,23,9.2,13452.000000000002,ORD10799,Fast (<25min),9.2,Dinner
557,3.11,Rainy,Medium,Morning,Scooter,21,1.0,43,10.6,22299.0,ORD10800,Slow (35-45min),10.6,Dinner
958,1.42,Clear,High,Afternoon,Scooter,24,2.0,40,2.9,35823.0,ORD10801,Slow (35-45min),2.9,Dinner
578,18.57,Rainy,Medium,Afternoon,Bike,16,7.0,89,15.3,12138.0,ORD10802,Very Slow (>45min),15.3,Lunch
796,17.51,Clear,Medium,Evening,Bike,15,3.0,60,11.7,20803.0,ORD10803,Very Slow (>45min),11.7,Lunch
86,6.84,Clear,Medium,Evening,Bike,25,1.0,51,7.6,24995.0,ORD10804,Very Slow (>45min),7.6,Lunch
243,18.34,Snowy,Medium,Afternoon,Scooter,22,,91,19.4,28526.0,ORD10805,Very Slow (>45min),19.4,Dinner
699,3.51,Windy,Medium,Night,Bike,22,2.0,44,13.9,22032.0,ORD10806,Slow (35-45min),13.9,Morning
160,14.7,Clear,Medium,Morning,Scooter,6,2.0,58,16.8,16789.5,ORD10807,Very Slow (>45min),16.8,Dinner
525,16.85,Clear,High,Morning,Car,17,4.0,71,10.3,13336.000000000002,ORD10808,Very Slow (>45min),10.3,Dinner
36,16.26,Rainy,Low,Morning,Car,27,5.0,66,3.4,21059.0,ORD10809,Very Slow (>45min),3.4,Dinner
171,13.71,Rainy,Medium,Evening,Bike,22,9.0,64,16.5,4681.5,ORD10811,Very Slow (>45min),16.5,Lunch
655,8.92,Clear,Medium,,Bike,10,1.0,51,3.0,25092.0,ORD10812,Very Slow (>45min),3.0,Dinner
891,14.58,Clear,Low,Evening,Bike,23,0.0,70,19.3,31697.500000000004,ORD10813,Very Slow (>45min),19.3,Lunch
858,9.71,Clear,Low,Afternoon,Car,27,5.0,61,16.5,6189.0,ORD10814,Very Slow (>45min),16.5,Dinner
848,19.94,Clear,Low,Afternoon,Bike,26,6.0,83,13.1,12175.0,ORD10815,Very Slow (>45min),13.1,Lunch
945,4.53,Snowy,Medium,Morning,Scooter,18,4.0,49,9.9,27490.499999999996,ORD10816,Very Slow (>45min),9.9,Lunch
734,10.7,Clear,High,Afternoon,Car,8,4.0,57,7.8,56430.99999999999,ORD10817,Very Slow (>45min),7.8,Dinner
96,10.13,Clear,Medium,Evening,Bike,22,0.0,65,2.3,20382.5,ORD10818,Very Slow (>45min),2.3,Lunch
564,0.78,Clear,Low,Afternoon,Bike,11,0.0,18,3.3,14016.999999999998,ORD10819,Fast (<25min),3.3,Lunch
743,15.08,Snowy,Low,Evening,Bike,29,7.0,84,1.7,40113.0,ORD10821,Very Slow (>45min),1.7,Dinner
575,17.32,Clear,Low,Evening,Scooter,10,3.0,77,8.5,14604.0,ORD10822,Very Slow (>45min),8.5,Dinner
691,6.81,Clear,Medium,Evening,Bike,23,2.0,47,6.8,13527.000000000002,ORD10823,Very Slow (>45min),6.8,Dinner
461,2.79,Clear,High,Morning,Bike,23,7.0,38,7.6,15845.500000000002,ORD10824,Slow (35-45min),7.6,Dinner
889,2.44,Snowy,High,Evening,Bike,13,9.0,39,5.3,21447.5,ORD10826,Slow (35-45min),5.3,Dinner
207,2.48,Rainy,Low,Evening,Scooter,20,8.0,30,4.5,45449.5,ORD10827,Normal (25-35min),4.5,Lunch
393,7.75,,Medium,Evening,Scooter,21,1.0,55,13.1,23708.0,ORD10828,Very Slow (>45min),13.1,Lunch
795,0.85,Clear,Medium,Morning,Bike,9,8.0,17,4.1,17780.5,ORD10829,Fast (<25min),4.1,Lunch
398,8.87,Clear,Low,Evening,Bike,19,3.0,55,4.8,17433.0,ORD10830,Very Slow (>45min),4.8,Late Night
767,15.37,Snowy,Medium,Afternoon,Car,15,5.0,66,9.7,9232.0,ORD10831,Very Slow (>45min),9.7,Dinner
849,10.29,Foggy,Medium,Evening,Scooter,25,4.0,67,4.0,31369.0,ORD10832,Very Slow (>45min),4.0,Evening
218,15.06,Rainy,Low,Morning,Bike,22,4.0,65,4.5,19401.5,ORD10833,Very Slow (>45min),4.5,Evening
5,3.54,Foggy,Low,,Bike,23,7.0,37,7.0,18431.0,ORD10834,Slow (35-45min),7.0,Late Night
769,7.17,Clear,Medium,Morning,Scooter,7,9.0,29,5.2,99566.0,ORD10835,Normal (25-35min),5.2,Lunch
643,4.62,Rainy,Medium,Afternoon,Car,8,3.0,33,11.2,23421.5,ORD10836,Normal (25-35min),11.2,Dinner
930,5.53,Clear,Low,Morning,Car,10,8.0,27,4.4,13851.0,ORD10837,Normal (25-35min),4.4,Dinner
613,12.74,Rainy,Low,Afternoon,Bike,17,9.0,63,11.7,16299.0,ORD10838,Very Slow (>45min),11.7,Dinner
739,9.06,Clear,High,Evening,Bike,26,3.0,61,12.3,35819.5,ORD10839,Very Slow (>45min),12.3,Morning
547,2.71,Foggy,Low,Morning,Bike,6,0.0,28,0.9,21347.0,ORD10840,Normal (25-35min),0.9,Dinner
726,16.92,Clear,Low,Night,Bike,23,5.0,78,15.6,9827.0,ORD10841,Very Slow (>45min),15.6,Late Night
684,13.54,Foggy,Low,Morning,Bike,11,1.0,54,4.0,31940.499999999996,ORD10842,Very Slow (>45min),4.0,Dinner
99,1.0,Snowy,Medium,Morning,Bike,25,4.0,44,14.2,14443.0,ORD10843,Slow (35-45min),14.2,Dinner
805,8.77,Clear,Medium,Morning,Car,12,2.0,42,2.9,51466.0,ORD10844,Slow (35-45min),2.9,Late Night
728,16.01,Windy,Low,Morning,Car,28,0.0,84,10.9,34615.0,ORD10845,Very Slow (>45min),10.9,Dinner
574,12.63,Foggy,Medium,Night,Scooter,8,8.0,49,2.3,16129.0,ORD10846,Very Slow (>45min),2.3,Lunch
407,8.09,Foggy,Low,Evening,Car,22,2.0,56,17.5,38274.0,ORD10847,Very Slow (>45min),17.5,Dinner
503,6.54,Clear,Medium,Night,Bike,10,7.0,39,7.3,20867.5,ORD10848,Slow (35-45min),7.3,Dinner
48,10.64,Clear,Medium,Afternoon,Scooter,14,5.0,45,9.3,30897.000000000004,ORD10849,Slow (35-45min),9.3,Evening
33,1.77,Clear,Medium,Evening,Bike,14,9.0,22,1.2,25703.500000000004,ORD10850,Fast (<25min),1.2,Dinner
780,13.0,Foggy,Low,Evening,Bike,25,7.0,77,17.2,13211.5,ORD10851,Very Slow (>45min),17.2,Late Night
840,12.83,Clear,Low,Evening,Bike,5,8.0,50,4.2,14621.5,ORD10852,Very Slow (>45min),4.2,Late Night
201,13.02,Snowy,High,Afternoon,Car,6,9.0,65,17.8,33759.0,ORD10853,Very Slow (>45min),17.8,Evening
135,18.89,Rainy,Medium,Morning,Scooter,22,1.0,74,5.6,17062.5,ORD10854,Very Slow (>45min),5.6,Lunch
28,10.53,Foggy,High,Evening,Bike,25,8.0,72,5.2,16485.0,ORD10855,Very Slow (>45min),5.2,Late Night
881,5.01,Rainy,Low,Afternoon,Bike,10,5.0,31,1.2,12512.0,ORD10856,Normal (25-35min),1.2,Dinner
231,16.0,Foggy,Medium,Afternoon,Scooter,13,3.0,65,10.0,24930.0,ORD10857,Very Slow (>45min),10.0,Lunch
490,17.86,Clear,Low,Afternoon,Scooter,16,8.0,83,14.2,56573.0,ORD10858,Very Slow (>45min),14.2,Late Night
773,2.99,Foggy,High,Afternoon,Bike,9,5.0,90,3.3,11828.5,ORD10859,Very Slow (>45min),3.3,Dinner
379,16.38,Clear,Medium,Morning,Bike,6,2.0,51,13.0,20417.0,ORD10860,Very Slow (>45min),13.0,Dinner
289,6.09,Clear,Medium,Night,Bike,7,4.0,27,5.3,40869.5,ORD10861,Normal (25-35min),5.3,Dinner
419,13.61,Clear,Low,Morning,Bike,26,0.0,66,11.1,19384.0,ORD10862,Very Slow (>45min),11.1,Lunch
675,8.5,Snowy,High,Evening,Bike,14,7.0,56,8.4,25291.0,ORD10863,Very Slow (>45min),8.4,Morning
392,8.55,Clear,Low,Evening,Scooter,28,8.0,46,6.7,11859.0,ORD10864,Very Slow (>45min),6.7,Lunch
593,4.05,Clear,Medium,Afternoon,Scooter,21,5.0,39,8.0,24988.5,ORD10865,Slow (35-45min),8.0,Dinner
499,19.5,Clear,High,Morning,Bike,18,2.0,73,4.6,18369.5,ORD10866,Very Slow (>45min),4.6,Morning
139,7.59,Clear,,Afternoon,Scooter,16,3.0,37,3.1,33020.5,ORD10867,Slow (35-45min),3.1,Lunch
648,13.74,Foggy,Medium,Afternoon,Bike,6,1.0,56,7.3,26952.499999999996,ORD10870,Very Slow (>45min),7.3,Lunch
129,0.64,Clear,High,Night,Bike,10,3.0,24,3.2,23740.0,ORD10871,Fast (<25min),3.2,Dinner
977,12.1,Clear,High,Afternoon,Bike,11,0.0,53,11.3,22230.5,ORD10872,Very Slow (>45min),11.3,Late Night
521,12.09,Clear,Medium,Morning,Car,13,1.0,60,8.3,16906.5,ORD10873,Very Slow (>45min),8.3,Lunch
839,11.82,Windy,Medium,Night,Bike,24,7.0,77,2.0,23891.0,ORD10874,Very Slow (>45min),2.0,Lunch
963,5.28,Foggy,Low,Morning,Bike,27,6.0,53,3.6,17401.5,ORD10875,Very Slow (>45min),3.6,Dinner
65,5.98,Clear,Low,Evening,Car,22,9.0,35,9.3,21944.0,ORD10876,Normal (25-35min),9.3,Evening
813,2.93,Clear,Medium,Morning,Bike,24,8.0,94,18.0,38980.5,ORD10877,Very Slow (>45min),18.0,Lunch
15,4.05,Snowy,Medium,Evening,Scooter,19,2.0,50,1.5,12194.5,ORD10878,Very Slow (>45min),1.5,Evening
157,13.61,Clear,Low,,Scooter,12,2.0,43,4.0,35666.5,ORD10879,Slow (35-45min),4.0,Lunch
41,2.88,Rainy,,Morning,Car,16,4.0,41,4.0,38971.5,ORD10880,Slow (35-45min),4.0,Lunch
493,5.91,Clear,Medium,Evening,Scooter,29,4.0,57,12.3,19015.0,ORD10881,Very Slow (>45min),12.3,Evening
380,6.0,Rainy,Medium,Evening,Scooter,21,2.0,47,1.3,6981.999999999999,ORD10882,Very Slow (>45min),1.3,Evening
188,11.33,Clear,Medium,Afternoon,Scooter,29,7.0,77,3.7,14885.0,ORD10883,Very Slow (>45min),3.7,Late Night
764,15.01,Clear,Medium,Morning,Bike,15,6.0,64,15.8,38581.0,ORD10884,Very Slow (>45min),15.8,Lunch
217,6.85,Clear,High,Morning,Bike,16,5.0,48,3.7,19942.0,ORD10885,Very Slow (>45min),3.7,Dinner
792,11.93,Snowy,High,Morning,Car,7,1.0,75,14.9,12239.0,ORD10886,Very Slow (>45min),14.9,Dinner
53,18.82,Windy,Low,Morning,Car,5,3.0,77,6.5,15672.0,ORD10887,Very Slow (>45min),6.5,Morning
879,1.03,Clear,Medium,Afternoon,Bike,19,4.0,29,1.8,30709.500000000004,ORD10888,Normal (25-35min),1.8,Dinner
338,14.22,Rainy,,Evening,Car,25,8.0,84,7.1,26513.0,ORD10889,Very Slow (>45min),7.1,Lunch
749,18.18,Snowy,High,,Bike,17,3.0,85,18.0,17900.0,ORD10890,Very Slow (>45min),18.0,Late Night
720,14.75,Clear,Low,Morning,Car,10,7.0,62,16.4,16791.0,ORD10891,Very Slow (>45min),16.4,Lunch
725,11.7,Rainy,Low,Afternoon,Bike,17,5.0,60,15.6,16583.0,ORD10892,Very Slow (>45min),15.6,Evening
296,10.68,Clear,Low,Morning,Bike,14,1.0,42,6.3,12718.5,ORD10893,Slow (35-45min),6.3,Morning
702,1.51,Clear,High,Evening,Bike,26,1.0,44,10.2,45239.0,ORD10894,Slow (35-45min),10.2,Late Night
252,8.01,Clear,High,Morning,Bike,8,6.0,48,4.1,17169.0,ORD10895,Very Slow (>45min),4.1,Dinner
727,3.23,Rainy,Low,Morning,Car,25,7.0,42,4.9,37071.5,ORD10896,Slow (35-45min),4.9,Dinner
462,13.16,Rainy,High,Morning,Scooter,25,8.0,68,18.4,43160.5,ORD10897,Very Slow (>45min),18.4,Morning
456,10.11,Windy,Low,Morning,Bike,11,4.0,44,1.2,33229.0,ORD10898,Slow (35-45min),1.2,Dinner
997,18.39,Windy,Low,Afternoon,Bike,24,6.0,74,3.2,16256.0,ORD10899,Very Slow (>45min),3.2,Lunch
816,10.62,Windy,Medium,Afternoon,Car,22,5.0,54,4.5,24683.5,ORD10900,Very Slow (>45min),4.5,Dinner
863,10.73,Clear,,Afternoon,Bike,7,5.0,57,1.6,19929.0,ORD10901,Very Slow (>45min),1.6,Lunch
270,6.23,Clear,Medium,Evening,Car,20,1.0,51,3.9,12838.0,ORD10902,Very Slow (>45min),3.9,Lunch
202,2.14,Clear,Low,Afternoon,Bike,25,1.0,36,7.9,23723.0,ORD10903,Slow (35-45min),7.9,Morning
162,12.83,Clear,Medium,Morning,Bike,19,2.0,76,10.2,11187.0,ORD10904,Very Slow (>45min),10.2,Evening
556,8.37,Clear,High,Evening,Scooter,13,7.0,42,12.9,36529.0,ORD10905,Slow (35-45min),12.9,Dinner
730,3.69,Rainy,Medium,Afternoon,Bike,8,8.0,27,9.0,15990.0,ORD10906,Normal (25-35min),9.0,Morning
402,18.1,Clear,Low,Morning,Scooter,8,5.0,77,8.7,22306.0,ORD10907,Very Slow (>45min),8.7,Dinner
703,7.06,Clear,Low,Afternoon,Scooter,26,5.0,51,5.1,23241.0,ORD10908,Very Slow (>45min),5.1,Evening
477,1.94,Foggy,Low,Night,Bike,10,1.0,25,4.4,17722.0,ORD10909,Fast (<25min),4.4,Dinner
822,0.59,Clear,Low,Afternoon,Bike,21,0.0,27,6.7,27048.0,ORD10910,Normal (25-35min),6.7,Evening
772,17.01,Snowy,Low,Night,Bike,28,6.0,97,8.6,15908.000000000002,ORD10911,Very Slow (>45min),8.6,Evening
106,5.36,Clear,Low,Afternoon,Scooter,11,4.0,30,7.5,31184.500000000004,ORD10912,Normal (25-35min),7.5,Dinner
566,12.0,Clear,Low,Evening,Car,25,0.0,75,9.9,10291.0,ORD10913,Very Slow (>45min),9.9,Lunch
390,16.23,Clear,Medium,Evening,Bike,6,0.0,54,10.0,21487.0,ORD10914,Very Slow (>45min),10.0,Lunch
2,19.04,Rainy,Low,Evening,Car,12,6.0,60,8.8,53182.50000000001,ORD10915,Very Slow (>45min),8.8,Dinner
938,18.33,Foggy,Medium,Morning,Scooter,19,0.0,98,9.3,12232.5,ORD10916,Very Slow (>45min),9.3,Late Night
983,2.58,Clear,Medium,Morning,Scooter,25,7.0,37,12.5,14373.500000000002,ORD10917,Slow (35-45min),12.5,Lunch
562,4.65,Clear,Medium,Evening,Bike,21,1.0,46,11.9,26081.5,ORD10918,Very Slow (>45min),11.9,Lunch
81,17.33,Snowy,Low,Evening,Scooter,12,3.0,79,4.5,22066.5,ORD10919,Very Slow (>45min),4.5,Dinner
206,0.68,Snowy,High,Evening,Bike,29,8.0,50,14.2,24036.5,ORD10920,Very Slow (>45min),14.2,Evening
35,19.33,Clear,Medium,Morning,Bike,7,8.0,73,11.2,25761.0,ORD10921,Very Slow (>45min),11.2,Morning
776,3.42,Clear,Medium,Night,Car,11,9.0,24,9.1,27705.5,ORD10922,Fast (<25min),9.1,Lunch
455,2.67,Clear,Medium,Night,Car,17,6.0,28,1.0,17879.0,ORD10925,Normal (25-35min),1.0,Dinner
367,19.24,Snowy,Low,,Bike,26,1.0,114,9.9,28235.000000000004,ORD10926,Very Slow (>45min),9.9,Dinner
92,14.41,Rainy,,Night,Bike,16,6.0,85,13.9,52154.49999999999,ORD10927,Very Slow (>45min),13.9,Morning
340,2.41,,Medium,Evening,Bike,15,9.0,25,6.8,18877.0,ORD10928,Fast (<25min),6.8,Lunch
898,17.98,Clear,Low,Evening,Bike,5,8.0,45,4.6,12391.5,ORD10929,Slow (35-45min),4.6,Lunch
565,7.34,Foggy,Medium,Afternoon,Bike,22,5.0,93,5.2,35086.0,ORD10930,Very Slow (>45min),5.2,Dinner
346,12.51,Clear,Medium,Evening,Bike,18,5.0,62,16.0,18993.0,ORD10931,Very Slow (>45min),16.0,Morning
777,4.97,Rainy,Low,Evening,Bike,17,9.0,34,12.3,6806.999999999999,ORD10932,Normal (25-35min),12.3,Lunch
242,19.1,Snowy,Low,Afternoon,Bike,18,1.0,101,15.6,30814.5,ORD10933,Very Slow (>45min),15.6,Dinner
14,4.64,Clear,Low,Afternoon,Bike,15,9.0,24,2.3,15434.5,ORD10934,Fast (<25min),2.3,Lunch
316,14.07,Rainy,Low,Evening,Bike,10,5.0,63,6.2,19278.5,ORD10935,Very Slow (>45min),6.2,Dinner
601,3.79,Clear,Medium,Morning,Bike,13,2.0,34,1.0,23813.5,ORD10936,Normal (25-35min),1.0,Lunch
388,3.96,Clear,Medium,Afternoon,Bike,23,,44,13.6,22187.0,ORD10937,Slow (35-45min),13.6,Morning
274,18.31,Clear,Medium,Afternoon,Bike,25,3.0,79,4.0,28760.000000000004,ORD10938,Very Slow (>45min),4.0,Lunch
167,6.76,Foggy,Medium,Night,Bike,7,6.0,42,8.6,16224.5,ORD10939,Slow (35-45min),8.6,Dinner
841,0.76,Clear,Low,Afternoon,Car,26,9.0,28,3.6,26070.999999999996,ORD10940,Normal (25-35min),3.6,Dinner
993,5.81,Rainy,Medium,Evening,Bike,14,8.0,41,8.2,17716.5,ORD10941,Slow (35-45min),8.2,Dinner
647,12.08,Clear,High,Afternoon,Scooter,16,4.0,60,12.5,29185.5,ORD10942,Very Slow (>45min),12.5,Lunch
819,1.57,Rainy,Low,Evening,Car,16,1.0,30,9.7,27438.5,ORD10943,Normal (25-35min),9.7,Dinner
485,11.89,Clear,Medium,Afternoon,Bike,28,0.0,79,5.9,12636.0,ORD10944,Very Slow (>45min),5.9,Lunch
981,7.02,Clear,Medium,Evening,Car,23,2.0,53,1.3,34718.0,ORD10945,Very Slow (>45min),1.3,Lunch
505,13.85,Clear,Low,Evening,Bike,29,5.0,71,4.1,15429.499999999998,ORD10946,Very Slow (>45min),4.1,Dinner
832,9.32,Rainy,Medium,Evening,Scooter,24,2.0,71,19.1,30213.5,ORD10947,Very Slow (>45min),19.1,Morning
244,7.72,Foggy,High,Evening,Bike,19,4.0,64,17.1,24238.0,ORD10948,Very Slow (>45min),17.1,Morning
567,8.15,Rainy,Low,Afternoon,Bike,26,2.0,50,10.1,50570.0,ORD10949,Very Slow (>45min),10.1,Lunch
876,3.54,Rainy,Medium,Afternoon,Scooter,17,4.0,41,8.8,18039.0,ORD10950,Slow (35-45min),8.8,Morning
563,3.16,Snowy,Low,Morning,Car,9,,27,7.4,16939.0,ORD10951,Normal (25-35min),7.4,Lunch
687,11.65,Windy,Low,Night,Bike,10,3.0,53,3.9,19976.5,ORD10952,Very Slow (>45min),3.9,Dinner
190,5.22,Snowy,Medium,,Scooter,14,3.0,43,13.4,17334.0,ORD10953,Slow (35-45min),13.4,Evening
783,5.41,Clear,High,Morning,Scooter,17,6.0,38,6.1,30091.500000000004,ORD10954,Slow (35-45min),6.1,Dinner
700,9.88,Rainy,Medium,Morning,Car,7,0.0,43,6.2,8990.0,ORD10955,Slow (35-45min),6.2,Dinner
476,19.86,Rainy,High,Evening,Bike,12,8.0,71,11.6,11910.5,ORD10956,Very Slow (>45min),11.6,Lunch
682,5.53,Windy,High,Morning,Bike,23,4.0,59,2.0,11827.0,ORD10957,Very Slow (>45min),2.0,Lunch
511,12.46,Foggy,Low,Afternoon,Bike,10,1.0,62,4.2,32441.000000000004,ORD10958,Very Slow (>45min),4.2,Lunch
59,1.38,Clear,Medium,Morning,Car,6,3.0,17,6.4,47445.0,ORD10959,Fast (<25min),6.4,Dinner
475,10.79,Clear,Medium,Evening,Scooter,24,1.0,65,2.8,19145.0,ORD10960,Very Slow (>45min),2.8,Lunch
561,14.23,Clear,Medium,Afternoon,Scooter,23,7.0,70,13.1,18538.5,ORD10961,Very Slow (>45min),13.1,Dinner
857,1.21,Snowy,Low,Afternoon,Bike,22,1.0,39,4.0,20890.5,ORD10962,Slow (35-45min),4.0,Evening
748,11.1,Clear,Low,Afternoon,Bike,18,7.0,56,7.6,36061.0,ORD10963,Very Slow (>45min),7.6,Dinner
253,17.1,Clear,Medium,Evening,Bike,25,5.0,65,6.6,12687.0,ORD10964,Very Slow (>45min),6.6,Evening
22,3.22,Clear,Medium,Afternoon,Bike,19,9.0,32,4.8,22724.5,ORD10965,Normal (25-35min),4.8,Lunch
314,19.27,Foggy,Medium,Morning,Car,29,9.0,85,18.0,32847.0,ORD10966,Very Slow (>45min),18.0,Late Night
460,2.82,Rainy,Medium,Evening,Scooter,10,1.0,29,3.9,25914.999999999996,ORD10967,Normal (25-35min),3.9,Dinner
161,7.67,Foggy,Medium,Afternoon,Scooter,22,8.0,59,10.9,22177.0,ORD10968,Very Slow (>45min),10.9,Lunch
277,16.07,Clear,Medium,Evening,Bike,16,5.0,64,9.9,33274.5,ORD10969,Very Slow (>45min),9.9,Dinner
956,7.97,Windy,Medium,Evening,Scooter,9,8.0,35,8.7,5221.0,ORD10970,Normal (25-35min),8.7,Evening
386,16.17,Clear,Medium,Evening,Scooter,12,2.0,78,17.0,14544.5,ORD10972,Very Slow (>45min),17.0,Dinner
806,14.86,,High,Night,Scooter,15,4.0,91,6.9,8076.5,ORD10973,Very Slow (>45min),6.9,Dinner
414,11.68,Clear,,Afternoon,Scooter,25,7.0,70,2.0,26045.999999999996,ORD10974,Very Slow (>45min),2.0,Evening
492,12.59,Clear,Low,Evening,Scooter,10,2.0,39,4.2,40089.0,ORD10975,Slow (35-45min),4.2,Morning
344,8.96,Snowy,,Morning,Car,6,5.0,51,10.2,18831.5,ORD10976,Very Slow (>45min),10.2,Lunch
770,16.51,Clear,Medium,Morning,Bike,7,1.0,79,2.6,32482.5,ORD10977,Very Slow (>45min),2.6,Dinner
309,16.01,Clear,Low,Afternoon,Car,12,4.0,72,11.3,45169.0,ORD10978,Very Slow (>45min),11.3,Dinner
662,19.74,Rainy,High,Afternoon,Scooter,11,7.0,81,14.6,38928.5,ORD10979,Very Slow (>45min),14.6,Lunch
131,8.64,Snowy,Low,Evening,Bike,29,4.0,62,7.2,45798.5,ORD10980,Very Slow (>45min),7.2,Lunch
664,5.13,Clear,Medium,Morning,Car,16,1.0,38,10.5,29233.999999999996,ORD10981,Slow (35-45min),10.5,Dinner
872,5.78,Clear,High,Morning,Bike,11,5.0,38,2.2,20947.0,ORD10982,Slow (35-45min),2.2,Late Night
100,2.6,Clear,Low,Afternoon,Bike,16,1.0,29,1.5,9054.5,ORD10983,Normal (25-35min),1.5,Dinner
373,2.34,Foggy,Medium,Morning,Bike,8,2.0,28,8.2,17836.5,ORD10984,Normal (25-35min),8.2,Lunch
88,12.93,Clear,Medium,Morning,Scooter,20,8.0,58,9.5,13232.0,ORD10985,Very Slow (>45min),9.5,Lunch
459,1.6,Clear,Medium,Evening,Bike,14,8.0,24,7.2,59724.5,ORD10986,Fast (<25min),7.2,Morning
331,7.44,Rainy,Low,Evening,Bike,27,,53,8.0,18473.5,ORD10987,Very Slow (>45min),8.0,Late Night
215,14.39,Rainy,Medium,Morning,Scooter,6,,50,4.8,21453.0,ORD10988,Very Slow (>45min),4.8,Lunch
467,6.07,,Low,Afternoon,Bike,18,4.0,35,10.5,26576.0,ORD10989,Normal (25-35min),10.5,Dinner
615,17.53,Clear,Low,Afternoon,Bike,14,6.0,79,16.4,47077.5,ORD10991,Very Slow (>45min),16.4,Lunch
21,12.43,Rainy,High,Morning,Bike,13,6.0,70,6.7,14775.0,ORD10992,Very Slow (>45min),6.7,Dinner
701,10.89,Windy,Medium,Evening,Bike,7,0.0,58,11.1,22233.0,ORD10993,Very Slow (>45min),11.1,Dinner
72,4.37,Clear,Medium,Evening,Scooter,6,7.0,25,4.2,13916.0,ORD10994,Fast (<25min),4.2,Dinner
107,8.5,Clear,High,Evening,Car,13,3.0,54,2.6,10425.5,ORD10995,Very Slow (>45min),2.6,Lunch
271,16.28,Rainy,Low,Morning,Scooter,8,9.0,71,19.4,14855.5,ORD10996,Very Slow (>45min),19.4,Morning
861,15.62,Snowy,High,Evening,Scooter,26,2.0,81,4.5,19801.5,ORD10997,Very Slow (>45min),4.5,Lunch
436,14.17,Clear,Low,Afternoon,Bike,8,0.0,55,16.5,16275.0,ORD10998,Very Slow (>45min),16.5,Late Night
103,6.63,Foggy,Low,Night,Scooter,24,3.0,58,8.7,14268.5,ORD10999,Very Slow (>45min),8.7,Dinner
